0.000000,349.900000,0.100000,7.145000E-5,5.410093E-7,132.067974,349.890000,0.400000,0.000158,2.081114E-6,75.896869,349.880000,0.200000,-0.000556,1.047231E-6,-530.541931
12.014484,349.860000,0.100000,-0.000102,5.388193E-7,-188.746010,349.850000,0.400000,0.001660,2.049086E-6,809.873328,349.850000,0.200000,0.001356,1.044561E-6,1297.913206
24.061926,349.840000,0.100000,-7.300000E-5,5.339317E-7,-136.721619,349.830000,0.400000,6.770000E-5,2.039954E-6,33.187018,349.820000,0.200000,0.000213,1.033407E-6,206.259560
36.147302,349.810000,0.100000,-0.000150,5.325563E-7,-282.411471,349.800000,0.400000,4.935000E-5,2.027607E-6,24.339039,349.790000,0.200000,-0.000108,1.032820E-6,-104.664850
48.181649,349.770000,0.100000,-0.000121,5.329049E-7,-226.775925,349.760000,0.400000,0.001099,2.031597E-6,541.076925,349.740000,0.200000,0.000181,1.030613E-6,175.963273
60.255502,349.710000,0.100000,-0.000103,5.298400E-7,-194.303938,349.680000,0.400000,0.001349,2.013187E-6,669.858445,349.650000,0.200000,0.001467,1.028870E-6,1425.544565
72.246662,349.610000,0.100000,-0.000399,5.325136E-7,-749.276664,349.570000,0.050000,5.790000E-5,2.695979E-7,214.764303,349.530000,0.200000,0.001352,1.026775E-6,1316.646843
84.290832,349.480000,0.100000,-0.001525,5.297337E-7,-2879.748764,349.430000,0.050000,9.965000E-5,2.688544E-7,370.646763,349.380000,0.200000,-0.000318,1.030287E-6,-308.748897
96.281748,349.330000,0.100000,-0.000106,5.283500E-7,-200.151404,349.270000,0.050000,8.125000E-5,2.651967E-7,306.376341,349.210000,0.200000,-0.001220,1.019178E-6,-1196.846937
108.270412,349.150000,0.100000,0.000160,5.224407E-7,306.350558,349.080000,0.050000,0.001382,2.632671E-7,5249.042096,349.010000,0.200000,0.001190,1.012227E-6,1175.872322
120.268937,348.940000,0.100000,1.380000E-5,5.144250E-7,26.826069,348.870000,0.050000,0.000972,2.606180E-7,3728.253485,348.800000,0.200000,0.001160,9.956968E-7,1164.912810
132.284721,348.720000,0.100000,7.100000E-6,5.091321E-7,13.945300,348.650000,0.050000,0.001388,2.567194E-7,5405.122596,348.570000,0.200000,3.935000E-5,9.823427E-7,40.057303
144.288083,348.480000,0.100000,-0.001586,5.032090E-7,-3151.473609,348.400000,0.050000,-1.375000E-5,2.541870E-7,-54.094033,348.320000,0.200000,-0.001110,9.671091E-7,-1148.164099
156.355890,348.230000,0.100000,-1.555000E-5,4.989331E-7,-31.166503,348.140000,0.050000,-3.080000E-5,2.492841E-7,-123.553816,348.050000,0.200000,-0.000187,9.614580E-7,-194.756297
168.358111,347.960000,0.100000,-6.090000E-5,4.955675E-7,-122.889410,347.860000,0.050000,-0.000119,2.486087E-7,-480.071640,347.770000,0.200000,-0.000966,9.576041E-7,-1008.297657
180.434294,347.670000,0.100000,-3.715000E-5,4.902516E-7,-75.777411,347.580000,0.050000,0.001205,2.464641E-7,4887.120703,347.480000,0.200000,0.001244,9.473470E-7,1313.035298
192.487255,347.380000,0.100000,4.715000E-5,4.899634E-7,96.231681,347.280000,0.050000,-7.035000E-5,2.478943E-7,-283.790351,347.180000,0.200000,-0.001381,9.407706E-7,-1467.786038
204.524166,347.080000,0.100000,-0.001469,4.828669E-7,-3041.521143,346.980000,0.050000,0.000907,2.458158E-7,3688.533651,346.870000,0.200000,0.001300,9.325059E-7,1394.039376
216.528227,346.770000,0.100000,-0.001246,4.790310E-7,-2602.023506,346.660000,0.050000,2.790000E-5,2.411717E-7,115.685226,346.550000,0.200000,-1.965000E-5,9.292307E-7,-21.146525
228.524522,346.450000,0.100000,-0.001582,4.753915E-7,-3327.363099,346.340000,0.050000,0.001128,2.387399E-7,4724.806911,346.240000,0.200000,-0.001337,9.192014E-7,-1454.305883
240.582021,346.130000,0.100000,-5.160000E-5,4.659735E-7,-110.735918,346.020000,0.050000,-0.001373,2.350456E-7,-5839.717097,345.910000,0.200000,-0.000170,9.056788E-7,-187.594100
252.611219,345.800000,0.100000,-0.000138,4.644966E-7,-296.880541,345.690000,0.050000,-3.640000E-5,2.325457E-7,-156.528400,345.580000,0.200000,-0.000167,9.049284E-7,-184.379237
264.630143,345.470000,0.100000,-0.000107,4.602168E-7,-231.738623,345.360000,0.050000,-8.430000E-5,2.294813E-7,-367.350123,345.260000,0.200000,-0.001633,8.983321E-7,-1817.868850
276.627238,345.140000,0.100000,-0.000111,4.533331E-7,-245.735397,345.040000,0.050000,-0.001139,2.283079E-7,-4989.752938,344.930000,0.200000,-0.001686,8.852938E-7,-1904.170025
288.643023,344.820000,0.100000,0.001419,4.505433E-7,3150.085906,344.710000,0.050000,-0.002049,2.277860E-7,-8996.601379,344.610000,0.200000,-6.355000E-5,8.851296E-7,-71.797398
300.627331,344.500000,0.100000,-0.000314,4.474029E-7,-701.716467,344.390000,0.050000,-0.001225,2.242005E-7,-5462.521142,344.290000,0.200000,-5.450000E-5,8.787434E-7,-62.020378
312.684487,344.180000,0.100000,-3.335000E-5,4.450916E-7,-74.928399,344.070000,0.050000,-0.000103,2.226479E-7,-463.512152,343.970000,0.200000,0.000739,8.715184E-7,848.347023
324.707711,343.860000,0.100000,0.000785,4.409434E-7,1780.500702,343.760000,0.050000,-0.000157,2.201653E-7,-711.056724,343.650000,0.200000,0.001373,8.653030E-7,1586.842924
336.700200,343.550000,0.100000,-5.755000E-5,4.355181E-7,-132.141473,343.450000,0.050000,0.000129,2.183783E-7,589.115185,343.340000,0.200000,-0.000103,8.536200E-7,-120.779737
348.740227,343.240000,0.100000,0.001368,4.320180E-7,3167.345100,343.140000,0.050000,0.000672,2.173762E-7,3091.645254,343.040000,0.200000,2.910000E-5,8.446501E-7,34.452135
360.734426,342.940000,0.100000,0.001604,4.289184E-7,3739.522131,342.840000,0.050000,0.001453,2.138959E-7,6791.622375,342.740000,0.200000,-1.255000E-5,8.320953E-7,-15.082406
372.748660,342.640000,0.100000,0.001622,4.234911E-7,3831.130879,342.540000,0.050000,-0.000151,2.121536E-7,-710.570192,342.440000,0.200000,0.000395,8.277933E-7,477.353456
384.761759,342.330000,0.100000,0.000276,4.208560E-7,656.756754,342.240000,0.050000,-0.000157,2.112168E-7,-742.602062,342.140000,0.200000,8.880000E-5,8.277806E-7,107.274797
396.794126,342.040000,0.100000,6.620000E-5,4.168524E-7,158.809198,341.940000,0.050000,0.000367,2.085844E-7,1759.240059,341.850000,0.200000,-0.001715,8.155167E-7,-2102.838680
408.806020,341.750000,0.100000,0.000137,4.091394E-7,334.238134,341.650000,0.050000,0.001577,2.056637E-7,7670.045963,341.560000,0.200000,-0.000949,8.084806E-7,-1173.250179
420.766190,341.460000,0.100000,0.001274,4.083674E-7,3120.596698,341.370000,0.050000,0.001518,2.038657E-7,7445.097066,341.270000,0.200000,-4.145000E-5,7.998731E-7,-51.820721
432.806871,341.180000,0.100000,0.000226,4.020780E-7,562.328701,341.080000,0.050000,0.000358,2.024446E-7,1770.114180,340.980000,0.200000,-6.600000E-6,7.922132E-7,-8.331091
444.837946,340.890000,0.100000,-0.001640,3.982454E-7,-4118.566189,340.790000,0.050000,-0.001125,2.001693E-7,-5620.991936,340.700000,0.200000,-2.745000E-5,7.901680E-7,-34.739449
456.887102,340.600000,0.100000,0.000370,3.955996E-7,935.668389,340.510000,0.050000,-0.001431,1.984184E-7,-7213.039502,340.420000,0.200000,-0.000107,7.875960E-7,-135.792964
468.936745,340.330000,0.100000,0.001045,3.925830E-7,2661.602836,340.240000,0.050000,-0.000175,1.963192E-7,-891.660084,340.150000,0.200000,-0.000724,7.773043E-7,-931.166845
480.975245,340.050000,0.100000,0.000515,3.895890E-7,1320.750971,339.950000,0.050000,0.001650,1.947161E-7,8474.391244,339.860000,0.200000,-0.001041,7.730537E-7,-1346.284274
493.084670,339.770000,0.100000,-0.001313,3.853963E-7,-3407.012425,339.680000,0.050000,-0.002921,1.931621E-7,-15119.941521,339.590000,0.200000,0.000724,7.672566E-7,943.621789
505.171759,339.500000,0.100000,0.000979,3.874356E-7,2527.774625,339.410000,0.050000,6.600000E-6,1.910480E-7,34.546289,339.320000,0.200000,0.000999,7.711442E-7,1295.218123
517.181141,339.230000,0.100000,3.320000E-5,3.780621E-7,87.816252,339.140000,0.050000,-0.000277,1.878923E-7,-1472.652508,339.050000,0.200000,-0.000233,7.519805E-7,-309.250060
529.094083,338.960000,0.100000,-0.001255,3.758794E-7,-3339.236357,338.880000,0.050000,-0.001583,1.879589E-7,-8422.851858,338.790000,0.200000,-4.525000E-5,7.499235E-7,-60.339487
541.019742,338.700000,0.100000,0.001503,3.747676E-7,4010.751864,338.620000,0.050000,0.001594,1.857780E-7,8581.479334,338.530000,0.200000,-0.000246,7.492951E-7,-328.308561
552.896695,338.440000,0.100000,-0.001125,3.708023E-7,-3033.961785,338.350000,0.050000,-0.001536,1.851077E-7,-8297.871605,338.270000,0.200000,-7.780000E-5,7.424874E-7,-104.782927
564.789118,338.180000,0.100000,0.000898,3.678679E-7,2442.045107,338.090000,0.050000,-0.000901,1.825473E-7,-4938.172286,338.010000,0.200000,-0.001157,7.315223E-7,-1581.086504
576.736500,337.930000,0.100000,-0.001629,3.623136E-7,-4496.243215,337.840000,0.050000,-0.000175,1.814381E-7,-964.516367,337.750000,0.200000,0.000292,7.364657E-7,397.031408
588.641246,337.670000,0.100000,0.001803,3.636526E-7,4956.791330,337.580000,0.050000,0.000953,1.807862E-7,5272.250533,337.500000,0.200000,-6.900000E-5,7.301170E-7,-94.505402
600.561267,337.410000,0.100000,-7.940000E-5,3.595137E-7,-220.853889,337.330000,0.050000,-0.002448,1.779601E-7,-13754.765056,337.250000,0.200000,0.001121,7.212982E-7,1554.211575
612.483906,337.170000,0.100000,0.000245,3.571309E-7,685.322861,337.080000,0.050000,0.000269,1.781629E-7,1508.731800,337.000000,0.200000,0.001584,7.200711E-7,2200.130091
624.431127,336.920000,0.100000,0.000548,3.546497E-7,1546.596420,336.830000,0.050000,-9.630000E-5,1.760648E-7,-546.957838,336.750000,0.200000,0.000652,7.096053E-7,918.327447
636.372311,336.670000,0.100000,-0.000417,3.494250E-7,-1192.244326,336.600000,0.050000,-0.000562,1.733168E-7,-3244.636561,336.530000,0.200000,0.001377,7.091743E-7,1942.117635
648.264225,336.450000,0.100000,0.002283,3.488412E-7,6543.807715,336.370000,0.050000,0.000277,1.739890E-7,1593.778713,336.300000,0.200000,-0.000297,7.035576E-7,-422.566688
660.177894,336.220000,0.100000,-0.000987,3.443788E-7,-2867.046365,336.150000,0.050000,-0.001201,1.710034E-7,-7023.250131,336.080000,0.200000,-0.000459,6.996898E-7,-656.719546
672.095003,336.000000,0.100000,0.000432,3.441213E-7,1254.789981,335.920000,0.050000,0.000365,1.707620E-7,2139.528152,335.850000,0.200000,-3.795000E-5,6.977295E-7,-54.390702
683.965523,335.780000,0.100000,-0.002108,3.402977E-7,-6193.988846,335.710000,0.050000,2.685000E-5,1.690388E-7,158.839273,335.630000,0.200000,-9.645000E-5,6.916594E-7,-139.447258
695.927404,335.560000,0.100000,-0.001293,3.392146E-7,-3812.040695,335.480000,0.050000,0.001696,1.685333E-7,10061.514485,335.410000,0.200000,0.000833,6.885463E-7,1209.504781
707.809420,335.340000,0.100000,-0.000403,3.351977E-7,-1202.573741,335.260000,0.050000,-0.000150,1.658086E-7,-904.959010,335.190000,0.200000,-0.001154,6.842714E-7,-1686.538380
719.723248,335.120000,0.100000,0.001357,3.336006E-7,4066.539324,335.050000,0.050000,0.001003,1.660195E-7,6038.747284,334.970000,0.200000,-0.000118,6.799318E-7,-174.208645
731.662522,334.900000,0.100000,0.001593,3.317188E-7,4801.204577,334.830000,0.050000,-0.000438,1.634149E-7,-2678.459096,334.760000,0.200000,-0.001767,6.737858E-7,-2622.866010
743.589934,334.690000,0.100000,-0.001107,3.272341E-7,-3381.982599,334.620000,0.050000,-0.000688,1.627592E-7,-4224.951894,334.550000,0.200000,0.000828,6.665633E-7,1241.442442
755.534168,334.470000,0.100000,0.000299,3.274453E-7,912.824319,334.400000,0.050000,0.001133,1.627122E-7,6961.372382,334.330000,0.200000,0.001339,6.673927E-7,2006.314945
767.511654,334.260000,0.100000,0.000830,3.240086E-7,2560.888623,334.190000,0.050000,-0.000152,1.608145E-7,-943.012097,334.120000,0.200000,0.000361,6.603935E-7,547.400920
779.444406,334.050000,0.100000,-0.001745,3.199939E-7,-5454.165716,333.980000,0.050000,-0.001274,1.583924E-7,-8045.207995,333.910000,0.200000,-6.075000E-5,6.556859E-7,-92.651064
791.396158,333.840000,0.100000,3.785000E-5,3.184787E-7,118.846264,333.770000,0.050000,-0.000206,1.576871E-7,-1306.067428,333.700000,0.200000,-0.000166,6.526387E-7,-254.581909
803.292465,333.630000,0.100000,-0.001614,3.152643E-7,-5119.196093,333.560000,0.050000,-0.000582,1.561756E-7,-3727.856020,333.500000,0.200000,-0.000273,6.491904E-7,-420.600808
815.248745,333.430000,0.100000,-0.000230,3.133261E-7,-735.176552,333.360000,0.050000,-0.000681,1.552485E-7,-4385.549611,333.290000,0.200000,0.001025,6.466438E-7,1584.720990
827.181097,333.220000,0.100000,0.001459,3.125354E-7,4669.710932,333.150000,0.050000,0.000192,1.554802E-7,1231.989828,333.080000,0.200000,-0.000197,6.419154E-7,-307.283460
839.133265,333.010000,0.100000,0.002873,3.107541E-7,9244.125722,332.950000,0.050000,0.000765,1.527085E-7,5007.908793,332.880000,0.200000,-0.000321,6.371496E-7,-503.963290
851.108951,332.810000,0.100000,-0.000274,3.098594E-7,-882.981154,332.740000,0.050000,-0.000784,1.520281E-7,-5156.942575,332.670000,0.200000,-0.002196,6.305628E-7,-3482.523894
863.011999,332.610000,0.100000,-0.000627,3.057419E-7,-2049.767888,332.540000,0.050000,0.001487,1.515183E-7,9814.654662,332.470000,0.200000,0.001254,6.325881E-7,1981.621313
874.998553,332.410000,0.100000,0.000901,3.063379E-7,2941.033048,332.340000,0.050000,0.000976,1.507940E-7,6475.057719,332.270000,0.200000,0.000671,6.257708E-7,1071.638402
886.938035,332.210000,0.100000,-0.000346,3.006201E-7,-1149.789883,332.140000,0.050000,-0.000243,1.478032E-7,-1643.739400,332.070000,0.200000,-0.000556,6.232656E-7,-891.834909
898.848661,332.010000,0.100000,-0.001105,2.994465E-7,-3690.308997,331.940000,0.500000,0.000557,1.853874E-6,300.290098,331.880000,0.200000,-0.000743,6.128927E-7,-1211.549799
910.846650,331.810000,0.100000,-0.001000,2.951031E-7,-3387.460595,331.740000,0.500000,0.000355,1.831447E-6,194.026863,331.680000,0.200000,-0.000317,6.063333E-7,-522.072607
922.884061,331.610000,0.100000,-0.000828,2.922553E-7,-2833.994583,331.550000,1.000000,0.000476,5.779164E-6,82.416771,331.480000,0.200000,-0.002388,6.086235E-7,-3922.786728
935.078412,331.410000,0.100000,-0.002292,2.909152E-7,-7880.302989,331.350000,1.000000,0.002589,5.763477E-6,449.173301,331.280000,0.200000,-0.001162,6.016592E-7,-1931.824634
947.319514,331.210000,0.100000,-0.000803,2.882346E-7,-2784.190767,331.150000,1.000000,0.001370,5.790432E-6,236.640387,331.080000,0.200000,-0.000530,5.947397E-7,-890.809917
959.496418,331.020000,0.100000,-0.000172,2.856850E-7,-603.286857,330.950000,1.000000,0.000357,5.741979E-6,62.095318,330.880000,0.200000,-0.001625,5.904992E-7,-2751.654814
971.710353,330.820000,0.100000,0.000327,2.812625E-7,1164.215095,330.760000,1.000000,0.000917,5.751061E-6,159.387992,330.690000,0.200000,0.000398,5.887988E-7,675.188199
983.918193,330.630000,0.100000,-0.001129,2.794547E-7,-4038.400560,330.560000,1.000000,0.000199,5.750083E-6,34.564716,330.500000,0.200000,-0.002430,5.825617E-7,-4170.888602
996.087158,330.430000,0.100000,0.000117,2.775982E-7,420.391790,330.370000,1.000000,0.001485,5.753078E-6,258.044483,330.310000,2.000000,0.005840,2.300789E-5,253.825996
1008.254167,330.240000,0.100000,-2.975000E-5,2.781303E-7,-106.964242,330.180000,1.000000,0.000124,5.796754E-6,21.305028,330.120000,2.000000,0.003582,2.292175E-5,156.255488
1020.374233,330.050000,0.100000,-0.000805,2.752241E-7,-2924.526213,329.990000,1.000000,0.001820,5.796924E-6,313.907876,329.930000,2.000000,0.004325,2.259683E-5,191.411845
1032.460694,329.860000,0.100000,0.000379,2.701026E-7,1405.021556,329.800000,1.000000,0.001152,5.789569E-6,198.935375,329.740000,2.000000,0.003599,2.274182E-5,158.265707
1044.608065,329.680000,0.100000,0.001219,2.681053E-7,4547.281278,329.610000,1.000000,0.000981,5.780470E-6,169.752619,329.550000,2.000000,0.004341,2.287710E-5,189.733397
1056.704009,329.490000,0.100000,-0.000979,2.688887E-7,-3642.212945,329.430000,1.000000,0.002152,5.824489E-6,369.551754,329.370000,2.000000,0.004085,2.290261E-5,178.374881
1068.815524,329.300000,0.100000,0.000331,2.668347E-7,1239.906385,329.240000,1.000000,0.000689,5.819335E-6,118.424193,329.180000,2.000000,0.003438,2.285537E-5,150.435076
1081.094097,329.120000,4.000000,0.005153,6.709582E-5,76.801359,329.060000,1.000000,0.003113,6.281544E-6,495.538971,328.990000,2.000000,0.004710,2.489798E-5,189.171963
1093.351185,328.940000,4.000000,0.004362,6.744938E-5,64.669981,328.870000,1.000000,0.003291,6.422878E-6,512.441658,328.810000,2.000000,0.003585,2.558007E-5,140.154036
1105.590743,328.750000,4.000000,0.006130,6.762529E-5,90.653217,328.690000,1.000000,0.003574,6.402299E-6,558.221367,328.630000,2.000000,0.003683,2.566082E-5,143.522283
1117.858703,328.560000,4.000000,0.003888,6.793927E-5,57.226109,328.500000,1.000000,0.000808,6.467379E-6,124.888312,328.440000,2.000000,0.002606,2.549921E-5,102.201212
1130.114982,328.380000,4.000000,0.005119,6.794234E-5,75.337412,328.320000,1.000000,0.002416,6.376745E-6,378.876699,328.260000,2.000000,0.003773,2.550500E-5,147.943520
1142.338755,328.200000,4.000000,0.006206,6.780592E-5,91.528151,328.140000,1.000000,0.002672,6.533367E-6,408.923884,328.080000,2.000000,0.002201,2.582453E-5,85.221308
1154.595693,328.020000,4.000000,0.004725,6.793671E-5,69.552230,327.960000,1.000000,0.002954,6.419789E-6,460.194230,327.900000,2.000000,0.005381,2.537152E-5,212.100034
1166.845170,327.840000,4.000000,0.003829,6.766497E-5,56.591324,327.780000,1.000000,0.001429,6.378697E-6,224.026945,327.720000,2.000000,0.005586,2.549608E-5,219.108227
1179.089401,327.660000,4.000000,0.006245,6.790720E-5,91.962271,327.610000,1.000000,0.003194,6.396604E-6,499.397804,327.550000,2.000000,0.003114,2.583052E-5,120.535712
1191.328737,327.490000,4.000000,0.005817,6.763432E-5,86.000718,327.430000,1.000000,0.002372,6.442236E-6,368.164091,327.370000,2.000000,0.002354,2.574728E-5,91.444623
1203.585475,327.310000,4.000000,0.005350,6.744648E-5,79.320667,327.250000,1.000000,0.001561,6.368549E-6,245.055827,327.190000,2.000000,0.005899,2.537744E-5,232.458422
1215.859491,327.140000,4.000000,0.004796,6.758302E-5,70.965315,327.080000,1.000000,0.000690,6.351604E-6,108.555263,327.020000,2.000000,0.003221,2.537080E-5,126.970777
1228.180743,326.960000,4.000000,0.005389,6.753837E-5,79.787977,326.900000,1.000000,0.001912,6.374897E-6,299.996999,326.840000,2.000000,0.002152,2.555928E-5,84.198374
1240.456979,326.790000,4.000000,0.004985,6.769907E-5,73.636161,326.730000,1.000000,0.003513,6.455000E-6,544.236992,326.670000,2.000000,0.004103,2.594371E-5,158.165499
1252.711839,326.610000,4.000000,0.004537,6.810833E-5,66.607863,326.560000,1.000000,0.002012,6.369692E-6,315.815917,326.500000,2.000000,0.004227,2.574732E-5,164.184065
1264.954188,326.440000,4.000000,0.004652,6.830871E-5,68.098194,326.380000,1.000000,0.000688,6.315716E-6,108.942512,326.330000,2.000000,0.004065,2.568778E-5,158.262004
1277.256528,326.270000,4.000000,0.004936,6.777621E-5,72.821270,326.210000,1.000000,0.003740,6.291116E-6,594.425553,326.160000,2.000000,0.004681,2.542694E-5,184.101968
1289.504686,326.100000,4.000000,0.005235,6.796322E-5,77.021070,326.040000,1.000000,0.000803,6.363993E-6,126.217932,325.990000,2.000000,0.003208,2.564272E-5,125.090088
1301.791421,325.930000,4.000000,0.006451,6.778626E-5,95.165310,325.870000,1.000000,0.003181,6.371462E-6,499.218201,325.820000,2.000000,0.003479,2.556860E-5,136.063360
1314.077024,325.760000,4.000000,0.004570,6.781879E-5,67.378823,325.710000,1.000000,0.002014,6.448737E-6,312.293701,325.650000,2.000000,0.003688,2.579818E-5,142.971310
1326.289787,325.600000,4.000000,0.005281,6.769341E-5,78.017199,325.540000,1.000000,0.003541,6.428655E-6,550.760651,325.490000,2.000000,0.004903,2.558055E-5,191.686654
1338.551183,325.430000,4.000000,0.004981,6.774653E-5,73.524062,325.380000,1.000000,0.002906,6.313170E-6,460.315487,325.320000,2.000000,0.004613,2.543655E-5,181.337488
1350.785523,325.260000,4.000000,0.004892,6.689587E-5,73.123351,325.210000,1.000000,0.000420,6.368082E-6,65.993185,325.160000,2.000000,0.004140,2.546765E-5,162.561127
1363.042036,325.100000,4.000000,0.006557,6.676400E-5,98.211614,325.050000,1.000000,0.002819,6.253357E-6,450.765867,324.990000,2.000000,0.004303,2.535132E-5,169.750512
1375.289391,324.940000,4.000000,0.005334,6.679840E-5,79.850717,324.880000,8.000000,0.010039,0.000174,57.857237,324.830000,2.000000,0.002925,2.982122E-5,98.074447
1387.557282,324.780000,4.000000,0.004356,7.797039E-5,55.864796,324.720000,8.000000,0.007598,0.000173,43.909293,324.670000,2.000000,0.003672,3.076171E-5,119.357806
1399.788868,324.620000,4.000000,0.006495,7.957780E-5,81.621378,324.560000,8.000000,0.008793,0.000175,50.260010,324.510000,2.000000,0.004288,3.122238E-5,137.322963
1412.020402,324.450000,4.000000,0.005430,7.929283E-5,68.477185,324.400000,8.000000,0.007858,0.000173,45.320394,324.350000,2.000000,0.003664,3.112086E-5,117.745766
1424.323213,324.300000,4.000000,0.005097,7.898236E-5,64.532130,324.240000,8.000000,0.008586,0.000174,49.370513,324.190000,2.000000,0.003530,3.112142E-5,113.428292
1436.543209,324.140000,4.000000,0.005708,7.916977E-5,72.096327,324.080000,8.000000,0.008718,0.000173,50.329270,324.030000,2.000000,0.003961,3.096929E-5,127.905751
1448.817502,323.980000,4.000000,0.006644,7.914980E-5,83.944619,323.930000,8.000000,0.008734,0.000173,50.350937,323.880000,2.000000,0.003705,3.126806E-5,118.485137
1461.046507,323.820000,4.000000,0.005771,7.976334E-5,72.351534,323.770000,8.000000,0.007950,0.000174,45.696557,323.720000,2.000000,0.003930,3.135469E-5,125.344878
1473.277418,323.670000,4.000000,0.005864,7.985040E-5,73.441081,323.610000,8.000000,0.008614,0.000174,49.639513,323.560000,2.000000,0.003565,3.136351E-5,113.673488
1485.529149,323.510000,4.000000,0.005326,7.912537E-5,67.315325,323.460000,8.000000,0.009686,0.000173,55.944422,323.410000,2.000000,0.004558,3.131456E-5,145.563256
1497.819134,323.360000,4.000000,0.004274,7.905090E-5,54.071490,323.300000,8.000000,0.009801,0.000173,56.764518,323.250000,2.000000,0.002871,3.147246E-5,91.217845
1510.097214,323.200000,4.000000,0.006890,7.938266E-5,86.790992,323.150000,8.000000,0.009611,0.000173,55.674528,323.100000,2.000000,0.002921,3.105793E-5,94.061321
1522.366196,323.050000,4.000000,0.005231,7.885792E-5,66.332589,323.000000,8.000000,0.009071,0.000172,52.882101,322.950000,2.000000,0.004522,3.101230E-5,145.798587
1534.602417,322.900000,4.000000,0.005748,7.885390E-5,72.892403,322.840000,8.000000,0.009562,0.000172,55.591044,322.790000,2.000000,0.006450,3.101118E-5,207.997549
1546.799782,322.750000,4.000000,0.004515,7.876707E-5,57.325985,322.690000,8.000000,0.008215,0.000172,47.820971,322.640000,2.000000,0.003736,3.103668E-5,120.367237
1559.060173,322.590000,4.000000,0.006863,7.886677E-5,87.017006,322.550000,8.000000,0.007410,0.000172,43.010475,322.490000,2.000000,0.004013,3.097257E-5,129.559789
1571.315794,322.440000,4.000000,0.007133,7.893821E-5,90.366883,322.400000,8.000000,0.008199,0.000172,47.683138,322.350000,2.000000,0.002475,3.101351E-5,79.816826
1583.565116,322.300000,4.000000,0.005282,7.886832E-5,66.973662,322.240000,8.000000,0.008315,0.000172,48.426482,322.200000,2.000000,0.001496,3.110739E-5,48.104332
1595.775851,322.150000,4.000000,0.004721,7.902979E-5,59.738231,322.100000,8.000000,0.007355,0.000171,42.931276,322.050000,2.000000,0.003698,3.087323E-5,119.775271
1608.070877,322.000000,4.000000,0.004156,7.881593E-5,52.727285,321.950000,8.000000,0.008535,0.000171,49.930762,321.900000,2.000000,0.004540,3.099344E-5,146.497111
1620.312118,321.850000,4.000000,0.005433,7.867969E-5,69.054036,321.800000,8.000000,0.008317,0.000171,48.538795,321.750000,2.000000,0.003535,3.118264E-5,113.380391
1632.574319,321.710000,4.000000,0.006706,7.872595E-5,85.178396,321.660000,8.000000,0.007983,0.000171,46.711182,321.610000,2.000000,0.004170,3.110813E-5,134.046962
1644.801373,321.560000,4.000000,0.004564,7.880846E-5,57.907490,321.510000,8.000000,0.007902,0.000171,46.287330,321.470000,2.000000,0.003430,3.100176E-5,110.653381
1657.022158,321.420000,4.000000,0.005446,7.873089E-5,69.169167,321.370000,8.000000,0.009729,0.000170,57.119320,321.320000,2.000000,0.004564,3.097618E-5,147.324484
1669.255951,321.270000,4.000000,0.004689,7.865405E-5,59.618032,321.230000,8.000000,0.007645,0.000170,45.055744,321.180000,2.000000,0.003839,3.113531E-5,123.306959
1681.502129,321.130000,4.000000,0.004992,7.884957E-5,63.310430,321.090000,8.000000,0.008374,0.000169,49.492907,321.040000,2.000000,0.003376,3.106850E-5,108.663131
1693.758051,320.990000,4.000000,0.004288,7.831089E-5,54.758666,320.940000,8.000000,0.008109,0.000169,48.009395,320.890000,2.000000,0.003338,3.108976E-5,107.366531
1706.036283,320.850000,4.000000,0.005487,7.850181E-5,69.890743,320.800000,8.000000,0.009338,0.000169,55.373032,320.760000,2.000000,0.002854,3.126298E-5,91.277292
1718.278760,320.710000,4.000000,0.003490,7.870130E-5,44.346156,320.660000,8.000000,0.007767,0.000169,46.081890,320.610000,2.000000,0.002339,3.129637E-5,74.751487
1730.543182,320.570000,4.000000,0.005321,7.838514E-5,67.879579,320.520000,8.000000,0.007794,0.000168,46.317911,320.470000,2.000000,0.004065,3.118370E-5,130.353361
1742.794406,320.430000,4.000000,0.005292,7.841938E-5,67.487785,320.380000,8.000000,0.008581,0.000168,51.058081,320.340000,2.000000,0.002898,3.121925E-5,92.819324
1755.055402,320.290000,4.000000,0.004095,7.831818E-5,52.291178,320.250000,8.000000,0.007833,0.000169,46.414739,320.200000,2.000000,0.003005,3.123986E-5,96.189627
1767.293105,320.150000,4.000000,0.005355,7.813389E-5,68.539401,320.110000,8.000000,0.009015,0.000168,53.575234,320.060000,2.000000,0.003219,3.131595E-5,102.802256
1779.539687,320.020000,4.000000,0.003934,7.859720E-5,50.055218,319.970000,8.000000,0.006794,0.000168,40.410412,319.920000,2.000000,0.003987,3.136701E-5,127.111270
1791.813507,319.880000,4.000000,0.006275,7.836462E-5,80.073128,319.830000,8.000000,0.007736,0.000168,45.929392,319.790000,2.000000,0.003369,3.124944E-5,107.811515
1804.059990,319.740000,4.000000,0.005773,7.878523E-5,73.273249,319.700000,8.000000,0.008008,0.000168,47.573245,319.650000,2.000000,0.002594,3.130194E-5,82.878247
1816.268641,319.610000,4.000000,0.005271,7.830980E-5,67.312137,319.560000,8.000000,0.008572,0.000168,51.077806,319.520000,2.000000,0.002174,3.121985E-5,69.628786
1828.501766,319.470000,4.000000,0.006154,7.875539E-5,78.138147,319.430000,8.000000,0.008866,0.000168,52.811839,319.390000,2.000000,0.004603,3.112554E-5,147.896217
1840.733488,319.340000,4.000000,0.005222,7.868724E-5,66.358281,319.300000,8.000000,0.006744,0.000168,40.232689,319.250000,2.000000,0.004100,3.100864E-5,132.235711
1853.013511,319.210000,4.000000,0.005557,7.861403E-5,70.690308,319.160000,8.000000,0.006660,0.000167,39.769087,319.120000,2.000000,0.003661,3.119620E-5,117.365245
1865.236413,319.080000,4.000000,0.004576,7.856007E-5,58.254784,319.030000,8.000000,0.008231,0.000168,49.120448,318.990000,2.000000,0.002890,3.120384E-5,92.618400
1877.514404,318.940000,4.000000,0.003918,7.874788E-5,49.748642,318.900000,8.000000,0.008114,0.000168,48.331326,318.860000,2.000000,0.003609,3.111410E-5,116.000459
1889.765759,318.820000,4.000000,0.004456,7.871087E-5,56.608443,318.770000,8.000000,0.008200,0.000167,49.048050,318.730000,2.000000,0.004261,3.114859E-5,136.794302
1901.916618,318.680000,4.000000,0.004570,7.830818E-5,58.361082,318.640000,8.000000,0.008332,0.000167,49.940125,318.600000,2.000000,0.002641,3.137102E-5,84.181200
1914.106792,318.560000,4.000000,0.005513,7.848278E-5,70.245984,318.510000,8.000000,0.008341,0.000167,50.052970,318.470000,2.000000,0.003430,3.111509E-5,110.235899
1926.295945,318.430000,4.000000,0.005254,7.807076E-5,67.292163,318.390000,8.000000,0.009404,0.000168,56.102224,318.340000,2.000000,0.002481,3.107825E-5,79.845242
1938.574439,318.300000,4.000000,0.004426,7.797739E-5,56.755554,318.260000,8.000000,0.007305,0.000167,43.679617,318.220000,2.000000,0.003348,3.114830E-5,107.472954
1950.782145,318.170000,4.000000,0.003492,7.797312E-5,44.780176,318.130000,8.000000,0.008651,0.000166,52.082402,318.090000,2.000000,0.004807,3.116289E-5,154.237923
1963.004649,318.050000,4.000000,0.004033,7.794806E-5,51.738298,318.000000,8.000000,0.007723,0.000167,46.336736,317.960000,2.000000,0.003442,3.114171E-5,110.528600
1975.175120,317.920000,4.000000,0.005470,7.805379E-5,70.083722,317.880000,8.000000,0.008159,0.000167,48.976466,317.840000,2.000000,0.003369,3.101716E-5,108.623755
1987.418361,317.800000,4.000000,0.003863,7.773506E-5,49.689292,317.750000,8.000000,0.008196,0.000166,49.229727,317.710000,2.000000,0.004676,3.098513E-5,150.925633
1999.700278,317.670000,4.000000,0.005069,7.798721E-5,64.999764,317.630000,8.000000,0.008284,0.000167,49.649272,317.590000,2.000000,0.002126,3.071170E-5,69.240720
2011.895551,317.550000,4.000000,0.006073,7.771018E-5,78.151922,317.500000,8.000000,0.008025,0.000166,48.255650,317.460000,2.000000,0.003510,3.090705E-5,113.580898
2024.126316,317.420000,4.000000,0.006063,7.809133E-5,77.637945,317.380000,8.000000,0.009033,0.000166,54.264301,317.340000,2.000000,0.002131,3.077706E-5,69.235007
2036.375290,317.300000,4.000000,0.004374,7.772713E-5,56.267357,317.260000,8.000000,0.008435,0.000167,50.652322,317.220000,2.000000,0.002946,3.074977E-5,95.816970
2048.605319,317.180000,4.000000,0.004435,7.772765E-5,57.058202,317.140000,8.000000,0.009537,0.000167,57.266581,317.100000,2.000000,0.003860,3.061083E-5,126.092626
2060.865428,317.060000,4.000000,0.005010,7.750354E-5,64.648656,317.020000,8.000000,0.007475,0.000166,45.037528,316.980000,2.000000,0.002897,3.095542E-5,93.576516
2073.116134,316.940000,4.000000,0.004658,7.783763E-5,59.845087,316.900000,8.000000,0.007887,0.000166,47.489856,316.850000,2.000000,0.003579,3.060628E-5,116.944970
2085.366490,316.810000,4.000000,0.006055,7.740796E-5,78.224513,316.780000,8.000000,0.009305,0.000166,56.174064,316.730000,2.000000,0.002735,3.067525E-5,89.166353
2097.609231,316.700000,4.000000,0.006108,7.732797E-5,78.981773,316.660000,8.000000,0.008623,0.000166,52.075851,316.620000,2.000000,0.004364,3.057897E-5,142.702636
2109.851152,316.570000,4.000000,0.004104,7.749761E-5,52.952598,316.540000,8.000000,0.008196,0.000166,49.361549,316.500000,2.000000,0.004283,3.040446E-5,140.870803
2122.086342,316.460000,4.000000,0.005241,7.711897E-5,67.961233,316.420000,8.000000,0.007374,0.000166,44.484873,316.380000,2.000000,0.005129,3.046295E-5,168.353677
2134.328025,316.340000,4.000000,0.005685,7.699391E-5,73.840901,316.300000,8.000000,0.007470,0.000166,45.068440,316.260000,2.000000,0.003792,3.039783E-5,124.735891
2146.586407,316.220000,4.000000,0.005499,7.688486E-5,71.523832,316.180000,8.000000,0.008199,0.000166,49.537157,316.140000,2.000000,0.001901,3.032912E-5,62.674098
2158.775178,316.110000,4.000000,0.006602,7.674993E-5,86.015714,316.060000,8.000000,0.008282,0.000166,49.917234,316.030000,2.000000,0.003446,3.030664E-5,113.696210
2171.021245,315.990000,4.000000,0.004465,7.696871E-5,58.016433,315.950000,8.000000,0.007485,0.000166,45.196202,315.910000,2.000000,0.003306,3.059576E-5,108.068889
2183.260514,315.870000,4.000000,0.006293,7.682213E-5,81.914548,315.830000,8.000000,0.009332,0.000165,56.486095,315.800000,2.000000,0.003312,3.048579E-5,108.634221
2195.554201,315.760000,4.000000,0.005360,7.664999E-5,69.928909,315.720000,8.000000,0.008397,0.000165,50.906711,315.680000,2.000000,0.001996,3.037419E-5,65.698862
2207.810648,315.640000,4.000000,0.005431,7.663605E-5,70.868739,315.610000,8.000000,0.008126,0.000165,49.174827,315.570000,2.000000,0.003606,3.033050E-5,118.891894
2220.089667,315.530000,4.000000,0.006348,7.648501E-5,83.002537,315.490000,8.000000,0.008588,0.000165,52.110917,315.450000,2.000000,0.003309,3.035787E-5,109.003046
2232.287070,315.420000,4.000000,0.005528,7.654817E-5,72.219887,315.380000,8.000000,0.008829,0.000165,53.592991,315.340000,2.000000,0.003683,3.048862E-5,120.807356
2244.539686,315.300000,4.000000,0.004812,7.692719E-5,62.553308,315.270000,8.000000,0.006830,0.000165,41.446459,315.230000,2.000000,0.005013,3.016453E-5,166.200167
2256.768820,315.190000,4.000000,0.006625,7.645835E-5,86.643902,315.150000,8.000000,0.006927,0.000165,41.988523,315.120000,2.000000,0.003513,3.036687E-5,115.688573
2268.983636,315.080000,4.000000,0.005470,7.655021E-5,71.450488,315.040000,8.000000,0.008122,0.000165,49.345687,315.000000,2.000000,0.003608,3.038760E-5,118.730987
2281.246415,314.970000,4.000000,0.005418,7.643282E-5,70.887740,314.930000,8.000000,0.010893,0.000165,65.953999,314.890000,2.000000,0.003329,3.018398E-5,110.280357
2293.554482,314.860000,4.000000,0.005361,7.635407E-5,70.217602,314.820000,8.000000,0.006776,0.000164,41.241659,314.780000,2.000000,0.004847,3.015031E-5,160.766177
2305.761908,314.750000,4.000000,0.004647,7.619910E-5,60.981689,314.710000,8.000000,0.008803,0.000164,53.584987,314.670000,2.000000,0.004542,3.008675E-5,150.975085
2318.017188,314.640000,4.000000,0.005521,7.597413E-5,72.676054,314.600000,8.000000,0.009787,0.000164,59.644019,314.570000,2.000000,0.003434,2.999664E-5,114.487810
2330.298715,314.530000,4.000000,0.003540,7.599124E-5,46.582999,314.490000,8.000000,0.008185,0.000164,49.928338,314.460000,2.000000,0.003162,2.990024E-5,105.746641
2342.514440,314.420000,4.000000,0.004189,7.616185E-5,54.999977,314.380000,8.000000,0.008282,0.000163,50.681596,314.350000,2.000000,0.003961,2.993926E-5,132.292835
2354.738263,314.310000,4.000000,0.005934,7.608993E-5,77.986005,314.280000,8.000000,0.009666,0.000164,59.058478,314.240000,2.000000,0.004670,3.021340E-5,154.557224
2366.947462,314.210000,4.000000,0.005529,7.587759E-5,72.868027,314.180000,8.000000,0.009770,0.000163,59.830498,314.150000,2.000000,0.005112,3.015144E-5,169.527532
2379.197538,314.120000,4.000000,0.003725,7.616333E-5,48.906083,314.080000,8.000000,0.008676,0.000163,53.252206,314.050000,2.000000,0.004362,3.005224E-5,145.143937
2391.416165,314.020000,4.000000,0.005119,7.581268E-5,67.526306,313.990000,8.000000,0.007900,0.000163,48.600335,313.950000,2.000000,0.003511,2.996177E-5,117.174314
2403.714420,313.920000,4.000000,0.005620,7.579967E-5,74.142805,313.890000,8.000000,0.010131,0.000162,62.376353,313.860000,2.000000,0.002033,2.999586E-5,67.776013
2415.999509,313.820000,4.000000,0.004785,7.574197E-5,63.180295,313.790000,8.000000,0.008665,0.000163,53.299712,313.760000,2.000000,0.004715,2.997814E-5,157.291287
2428.399386,313.730000,4.000000,0.004113,7.570609E-5,54.323238,313.700000,8.000000,0.009553,0.000162,58.877356,313.660000,2.000000,0.003334,2.993227E-5,111.383143
2440.651227,313.630000,4.000000,0.006486,7.553698E-5,85.865894,313.600000,8.000000,0.008481,0.000162,52.214843,313.570000,2.000000,0.003711,2.972715E-5,124.843784
2452.894202,313.540000,4.000000,0.005602,7.550190E-5,74.192836,313.510000,8.000000,0.010474,0.000163,64.418505,313.480000,2.000000,0.001406,2.988676E-5,47.050935
2465.170371,313.450000,4.000000,0.004343,7.579896E-5,57.296959,313.410000,8.000000,0.010228,0.000163,62.912541,313.380000,2.000000,0.001439,2.981856E-5,48.273625
2477.573599,313.350000,4.000000,0.003282,7.584163E-5,43.280321,313.320000,8.000000,0.010343,0.000162,63.867278,313.290000,2.000000,0.005038,2.975231E-5,169.322991
2489.832602,313.260000,4.000000,0.003832,7.602864E-5,50.406004,313.230000,8.000000,0.008851,0.000162,54.641897,313.200000,2.000000,0.003841,2.972632E-5,129.213776
2502.023139,313.160000,4.000000,0.003994,7.568429E-5,52.776478,313.130000,8.000000,0.010044,0.000162,62.127145,313.100000,2.000000,0.003520,2.971403E-5,118.470962
2514.438314,313.070000,4.000000,0.003493,7.546697E-5,46.281176,313.040000,8.000000,0.007144,0.000162,44.154351,313.010000,2.000000,0.004820,2.986006E-5,161.434682
2526.672184,312.980000,4.000000,0.006551,7.545961E-5,86.813328,312.950000,8.000000,0.008298,0.000163,51.052272,312.920000,2.000000,0.002406,2.989887E-5,80.479628
2538.860011,312.890000,4.000000,0.005302,7.573004E-5,70.017792,312.860000,8.000000,0.009137,0.000163,56.136051,312.830000,2.000000,0.003931,2.968545E-5,132.431863
2551.068691,312.800000,4.000000,0.005632,7.568146E-5,74.418495,312.770000,8.000000,0.007835,0.000162,48.351479,312.740000,2.000000,0.003282,2.989095E-5,109.792412
2563.268463,312.710000,4.000000,0.005505,7.553506E-5,72.877413,312.680000,8.000000,0.008115,0.000162,50.078285,312.650000,2.000000,0.003984,3.004150E-5,132.606555
2575.699421,312.620000,4.000000,0.005470,7.592881E-5,72.044460,312.590000,8.000000,0.007192,0.000162,44.481569,312.560000,2.000000,0.001534,2.987734E-5,51.328205
2587.956387,312.530000,4.000000,0.005795,7.568124E-5,76.576437,312.500000,8.000000,0.008956,0.000161,55.491600,312.470000,2.000000,0.004165,2.978572E-5,139.833810
2600.214281,312.440000,4.000000,0.005318,7.565920E-5,70.293502,312.410000,8.000000,0.008721,0.000161,54.058887,312.380000,2.000000,0.002128,2.972111E-5,71.609026
2612.494514,312.350000,4.000000,0.004601,7.538092E-5,61.031358,312.320000,8.000000,0.009540,0.000161,59.121741,312.290000,2.000000,0.003362,2.981328E-5,112.780278
2624.914682,312.260000,4.000000,0.005416,7.567099E-5,71.572340,312.230000,8.000000,0.008483,0.000162,52.516593,312.200000,2.000000,0.003642,2.958716E-5,123.087171
2637.156192,312.170000,4.000000,0.005484,7.462654E-5,73.479225,312.140000,8.000000,0.008520,0.000162,52.726555,312.110000,2.000000,0.003450,2.942392E-5,117.265123
2649.615718,312.090000,4.000000,0.006547,7.418349E-5,88.252792,312.060000,8.000000,0.008782,0.000161,54.409701,312.020000,2.000000,0.003655,2.957564E-5,123.576355
2661.883090,312.000000,4.000000,0.005562,7.467631E-5,74.482790,311.970000,8.000000,0.008723,0.000162,53.957652,311.940000,2.000000,0.003416,2.958886E-5,115.450529
2674.328374,311.910000,4.000000,0.003824,7.475640E-5,51.150806,311.880000,8.000000,0.008677,0.000161,53.797980,311.850000,2.000000,0.004529,2.954651E-5,153.293915
2686.589336,311.820000,4.000000,0.005380,7.461600E-5,72.100487,311.790000,8.000000,0.009168,0.000161,56.850069,311.760000,2.000000,0.004139,2.954434E-5,140.092803
2699.067091,311.730000,4.000000,0.003800,7.480438E-5,50.799831,311.710000,8.000000,0.008769,0.000161,54.401582,311.680000,2.000000,0.003723,2.949574E-5,126.218208
2711.490090,311.650000,4.000000,0.005630,7.477883E-5,75.286014,311.620000,8.000000,0.009768,0.000161,60.811495,311.590000,2.000000,0.003201,2.946299E-5,108.629511
2723.871438,311.560000,4.000000,0.004862,7.454024E-5,65.229871,311.530000,8.000000,0.009763,0.000160,60.964426,311.500000,2.000000,0.003501,2.942298E-5,118.997126
2736.313245,311.480000,4.000000,0.004086,7.506823E-5,54.435811,311.450000,8.000000,0.010255,0.000160,63.906713,311.420000,2.000000,0.003383,2.948384E-5,114.752681
2748.733621,311.390000,4.000000,0.005510,7.507284E-5,73.396714,311.370000,8.000000,0.008762,0.000160,54.610560,311.340000,2.000000,0.005697,2.937636E-5,193.933145
2761.119174,311.310000,4.000000,0.005517,7.474050E-5,73.814064,311.280000,8.000000,0.010384,0.000161,64.627460,311.250000,2.000000,0.004962,2.932909E-5,169.176722
2773.553529,311.230000,4.000000,0.004974,7.480044E-5,66.503621,311.200000,8.000000,0.008920,0.000160,55.612622,311.170000,2.000000,0.003837,2.932304E-5,130.837387
2785.965468,311.140000,4.000000,0.003725,7.483076E-5,49.774314,311.110000,8.000000,0.008847,0.000160,55.251172,311.080000,2.000000,0.003433,2.948033E-5,116.453926
2798.376167,311.060000,4.000000,0.005661,7.460056E-5,75.878116,311.030000,8.000000,0.008888,0.000160,55.539056,311.000000,2.000000,0.003429,2.939825E-5,116.641303
2810.802041,310.980000,4.000000,0.005728,7.438383E-5,77.005310,310.950000,8.000000,0.009063,0.000160,56.717548,310.920000,2.000000,0.003755,2.946965E-5,127.402239
2823.263667,310.890000,4.000000,0.005704,7.456423E-5,76.496463,310.860000,8.000000,0.006653,0.000160,41.703135,310.840000,2.000000,0.003659,2.917261E-5,125.424148
2835.692358,310.810000,4.000000,0.007411,7.427418E-5,99.774247,310.780000,8.000000,0.009041,0.000159,56.690513,310.750000,2.000000,0.003698,2.921416E-5,126.575600
2848.099274,310.730000,4.000000,0.005570,7.418657E-5,75.081646,310.700000,8.000000,0.011003,0.000159,69.258180,310.670000,2.000000,0.003577,2.913242E-5,122.772142
2860.506448,310.650000,4.000000,0.007438,7.397281E-5,100.547085,310.620000,8.000000,0.011425,0.000158,72.095465,310.590000,2.000000,0.001212,2.912191E-5,41.609566
2872.781181,310.570000,4.000000,0.005869,7.396883E-5,79.337469,310.540000,8.000000,0.009153,0.000158,57.802733,310.510000,2.000000,0.003325,2.910333E-5,114.254973
2885.044700,310.490000,4.000000,0.006076,7.377479E-5,82.354012,310.460000,8.000000,0.008011,0.000158,50.743045,310.430000,2.000000,0.005789,2.904012E-5,199.343157
2897.477388,310.410000,4.000000,0.005981,7.390924E-5,80.929661,310.380000,8.000000,0.007756,0.000158,49.113712,310.350000,2.000000,0.002247,2.904891E-5,77.335079
2909.903188,310.330000,4.000000,0.007692,7.383168E-5,104.187659,310.300000,8.000000,0.009042,0.000158,57.223569,310.270000,2.000000,0.003444,2.905888E-5,118.514534
2922.095536,310.250000,4.000000,0.005868,7.402635E-5,79.273124,310.220000,8.000000,0.008106,0.000158,51.339722,310.200000,2.000000,0.003393,2.901419E-5,116.947968
2934.342584,310.170000,4.000000,0.006044,7.383508E-5,81.860818,310.140000,8.000000,0.009120,0.000158,57.805434,310.120000,2.000000,0.003543,2.897438E-5,122.282151
2946.558326,310.090000,4.000000,0.007832,7.389004E-5,105.991279,310.070000,8.000000,0.010993,0.000158,69.600847,310.040000,2.000000,0.003640,2.892117E-5,125.859341
2958.787515,310.020000,4.000000,0.005612,7.387008E-5,75.973245,309.990000,8.000000,0.010406,0.000158,65.937498,309.960000,2.000000,0.005683,2.899767E-5,195.984745
2971.260085,309.940000,4.000000,0.005922,7.372520E-5,80.323284,309.910000,8.000000,0.009118,0.000158,57.890073,309.880000,2.000000,0.003428,2.896365E-5,118.365606
2983.696918,309.860000,4.000000,0.006763,7.371881E-5,91.747277,309.840000,8.000000,0.007864,0.000158,49.914213,309.810000,2.000000,0.004361,2.912649E-5,149.738283
2996.110370,309.780000,4.000000,0.005339,7.392807E-5,72.220197,309.760000,8.000000,0.008928,0.000158,56.661916,309.730000,2.000000,0.003877,2.911029E-5,133.181421
3008.505198,309.710000,4.000000,0.005021,7.368808E-5,68.138562,309.680000,8.000000,0.009350,0.000157,59.382584,309.660000,2.000000,0.005176,2.902881E-5,178.305633
3020.945176,309.630000,4.000000,0.005667,7.387764E-5,76.707238,309.610000,8.000000,0.009063,0.000157,57.668450,309.580000,2.000000,0.003429,2.905919E-5,118.012600
3033.219134,309.560000,4.000000,0.006711,7.374024E-5,91.012717,309.530000,8.000000,0.009321,0.000157,59.306780,309.510000,2.000000,0.003425,2.891332E-5,118.473061
3045.477715,309.480000,4.000000,0.005793,7.370024E-5,78.598115,309.460000,8.000000,0.009287,0.000157,59.119761,309.430000,2.000000,0.003658,2.875522E-5,127.201239
3057.915248,309.410000,4.000000,0.005718,7.328331E-5,78.022544,309.380000,8.000000,0.007132,0.000157,45.428786,309.360000,2.000000,0.005313,2.887165E-5,184.010964
3070.302763,309.330000,4.000000,0.005642,7.372642E-5,76.522093,309.310000,8.000000,0.009143,0.000157,58.269870,309.280000,2.000000,0.004033,2.891139E-5,139.493446
3082.759298,309.260000,4.000000,0.005548,7.333139E-5,75.654501,309.230000,8.000000,0.007005,0.000157,44.719451,309.210000,2.000000,0.003305,2.886875E-5,114.468061
3094.981152,309.190000,4.000000,0.005841,7.357889E-5,79.383508,309.160000,8.000000,0.008862,0.000157,56.496273,309.140000,2.000000,0.002385,2.886998E-5,82.625606
3107.400140,309.110000,4.000000,0.006617,7.352618E-5,90.000598,309.090000,8.000000,0.010966,0.000157,69.942378,309.060000,2.000000,0.000644,2.889973E-5,22.294324
3119.839308,309.040000,4.000000,0.004571,7.340548E-5,62.272595,309.020000,8.000000,0.011178,0.000157,71.338141,308.990000,2.000000,0.003216,2.879808E-5,111.688001
3132.255098,308.970000,4.000000,0.003572,7.352383E-5,48.589690,308.940000,8.000000,0.011394,0.000157,72.761419,308.920000,2.000000,0.003669,2.868207E-5,127.903930
3144.616755,308.900000,4.000000,0.005592,7.319936E-5,76.390691,308.870000,8.000000,0.009284,0.000157,59.219126,308.850000,2.000000,0.003491,2.868748E-5,121.675030
3157.049766,308.820000,4.000000,0.005941,7.318676E-5,81.179982,308.800000,8.000000,0.010823,0.000157,69.065550,308.770000,2.000000,0.001803,2.877946E-5,62.652324
3169.281365,308.750000,4.000000,0.005740,7.333590E-5,78.276127,308.730000,8.000000,0.011089,0.000157,70.811471,308.710000,2.000000,0.003621,2.873688E-5,125.998383
3181.505071,308.680000,4.000000,0.005785,7.318262E-5,79.049504,308.660000,8.000000,0.009511,0.000156,60.859434,308.630000,2.000000,0.004966,2.878467E-5,172.506729
3193.732235,308.610000,4.000000,0.005877,7.351726E-5,79.934292,308.590000,8.000000,0.009684,0.000156,61.976129,308.560000,2.000000,0.003867,2.874660E-5,134.502850
3205.978076,308.540000,4.000000,0.006076,7.336751E-5,82.822763,308.520000,8.000000,0.009789,0.000156,62.618071,308.500000,2.000000,0.004776,2.875649E-5,166.068594
3218.410998,308.470000,4.000000,0.006125,7.363063E-5,83.184808,308.450000,8.000000,0.006958,0.000156,44.475098,308.420000,2.000000,0.003698,2.870204E-5,128.851463
3230.669770,308.400000,4.000000,0.005875,7.376976E-5,79.643073,308.380000,8.000000,0.009817,0.000156,62.863160,308.350000,2.000000,0.004108,2.864603E-5,143.416029
3243.098926,308.330000,4.000000,0.007234,7.342583E-5,98.521190,308.310000,8.000000,0.009351,0.000156,59.983966,308.280000,2.000000,0.000601,2.863870E-5,20.971621
3255.503184,308.260000,4.000000,0.003881,7.325830E-5,52.977615,308.240000,8.000000,0.009815,0.000156,62.997649,308.220000,2.000000,0.003526,2.882839E-5,122.322112
3267.965148,308.200000,4.000000,0.003525,7.293819E-5,48.324481,308.170000,8.000000,0.007827,0.000156,50.270101,308.150000,2.000000,0.003737,2.880688E-5,129.715546
3280.231164,308.130000,4.000000,0.006803,7.305510E-5,93.115329,308.100000,8.000000,0.007385,0.000156,47.437484,308.080000,2.000000,0.003294,2.872560E-5,114.672957
3292.525954,308.060000,4.000000,0.005370,7.300832E-5,73.551207,308.040000,8.000000,0.010078,0.000156,64.763945,308.010000,2.000000,0.003366,2.868363E-5,117.350895
3304.756506,307.990000,4.000000,0.005727,7.322957E-5,78.212936,307.970000,8.000000,0.009624,0.000155,61.892489,307.950000,2.000000,0.004554,2.867154E-5,158.833451
3316.975218,307.930000,4.000000,0.004655,7.311514E-5,63.666700,307.900000,8.000000,0.011035,0.000156,70.828689,307.880000,2.000000,0.003736,2.872669E-5,130.058483
3329.469832,307.860000,4.000000,0.008267,7.337038E-5,112.669448,307.840000,8.000000,0.006967,0.000156,44.720322,307.810000,2.000000,0.003504,2.863238E-5,122.384186
3341.863750,307.790000,4.000000,0.006016,7.312698E-5,82.263752,307.770000,8.000000,0.009353,0.000155,60.188455,307.750000,2.000000,0.005367,2.872675E-5,186.820656
3354.297178,307.720000,4.000000,0.006193,7.311984E-5,84.692474,307.700000,8.000000,0.005729,0.000155,36.897467,307.680000,2.000000,0.002585,2.878583E-5,89.809815
3366.699295,307.660000,4.000000,0.006201,7.336379E-5,84.525354,307.630000,8.000000,0.007063,0.000155,45.512431,307.610000,2.000000,0.003755,2.876692E-5,130.538848
3379.111821,307.590000,4.000000,0.007322,7.345095E-5,99.691696,307.570000,8.000000,0.010150,0.000155,65.464047,307.550000,2.000000,0.001761,2.883472E-5,61.073949
3391.490117,307.530000,4.000000,0.006119,7.336099E-5,83.406042,307.500000,8.000000,0.009693,0.000155,62.382252,307.480000,2.000000,0.002751,2.891489E-5,95.156848
3403.910401,307.460000,4.000000,0.005892,7.341900E-5,80.248305,307.440000,8.000000,0.009739,0.000155,62.846992,307.420000,2.000000,0.003496,2.874444E-5,121.630487
3416.151016,307.400000,4.000000,0.007536,7.313940E-5,103.041585,307.380000,8.000000,0.009817,0.000155,63.255936,307.350000,2.000000,0.003560,2.861076E-5,124.425206
3428.551493,307.330000,4.000000,0.006985,7.305590E-5,95.613090,307.310000,8.000000,0.009783,0.000155,62.953266,307.290000,2.000000,0.003590,2.861621E-5,125.449867
3440.979437,307.270000,4.000000,0.006035,7.297542E-5,82.694971,307.250000,8.000000,0.009391,0.000155,60.614765,307.220000,2.000000,0.003815,2.848648E-5,133.914421
3453.389627,307.200000,4.000000,0.004189,7.286623E-5,57.486166,307.180000,8.000000,0.009467,0.000155,61.151533,307.160000,2.000000,0.003388,2.861999E-5,118.396267
3465.811676,307.140000,4.000000,0.005896,7.314832E-5,80.602676,307.120000,8.000000,0.009669,0.000155,62.287148,307.100000,2.000000,0.004405,2.859030E-5,154.088971
3478.253257,307.080000,4.000000,0.005998,7.311839E-5,82.025192,307.050000,8.000000,0.009520,0.000156,61.127185,307.040000,2.000000,0.006358,2.874082E-5,221.204543
3490.683341,307.020000,4.000000,0.003137,7.324934E-5,42.828371,306.990000,8.000000,0.007614,0.000155,48.966391,306.970000,2.000000,0.003868,2.856513E-5,135.406336
3503.133794,306.950000,4.000000,0.006604,7.313850E-5,90.297859,306.930000,8.000000,0.006964,0.000156,44.753459,306.910000,2.000000,0.001424,2.868528E-5,49.628243
3515.559297,306.890000,4.000000,0.005956,7.300969E-5,81.580947,306.870000,8.000000,0.009811,0.000155,63.194208,306.850000,2.000000,0.001906,2.880348E-5,66.160415
3527.973405,306.830000,4.000000,0.006936,7.312578E-5,94.853012,306.800000,8.000000,0.009856,0.000156,63.361740,306.780000,2.000000,0.003176,2.887264E-5,110.002083
3540.421611,306.760000,4.000000,0.006306,7.333506E-5,85.984111,306.750000,8.000000,0.011226,0.000155,72.265948,306.720000,2.000000,0.001702,2.862794E-5,59.450657
3552.820219,306.710000,4.000000,0.006213,7.284874E-5,85.280126,306.680000,8.000000,0.009780,0.000155,62.950246,306.660000,2.000000,0.003621,2.864884E-5,126.397791
3565.291822,306.640000,4.000000,0.006824,7.300102E-5,93.474719,306.620000,8.000000,0.010150,0.000155,65.496259,306.600000,2.000000,0.003613,2.858942E-5,126.378918
3577.712918,306.580000,4.000000,0.004270,7.284115E-5,58.615903,306.560000,8.000000,0.010330,0.000155,66.676531,306.540000,2.000000,0.003763,2.867021E-5,131.245984
3589.905421,306.520000,4.000000,0.006108,7.306738E-5,83.589286,306.500000,8.000000,0.010387,0.000155,66.943013,306.480000,2.000000,0.003846,2.868267E-5,134.098400
3602.370235,306.460000,4.000000,0.007129,7.312284E-5,97.492790,306.440000,8.000000,0.010388,0.000155,66.989872,306.420000,2.000000,0.003511,2.852346E-5,123.091643
3614.623406,306.400000,4.000000,0.005736,7.276612E-5,78.834081,306.380000,8.000000,0.009805,0.000155,63.334307,306.360000,2.000000,0.003601,2.857069E-5,126.050508
3626.814689,306.340000,4.000000,0.007266,7.297939E-5,99.567837,306.320000,8.000000,0.010362,0.000155,66.741351,306.300000,2.000000,0.003412,2.881665E-5,118.395101
3639.268895,306.280000,4.000000,0.005886,7.316685E-5,80.439436,306.270000,8.000000,0.011344,0.000155,73.012660,306.240000,2.000000,0.003228,2.862434E-5,112.779888
3651.658982,306.230000,4.000000,0.006223,7.299701E-5,85.251443,306.210000,8.000000,0.012019,0.000155,77.430547,306.180000,2.000000,0.002146,2.869136E-5,74.808235
3664.127129,306.160000,4.000000,0.006178,7.301922E-5,84.601700,306.150000,8.000000,0.010278,0.000155,66.204486,306.130000,2.000000,0.004995,2.875515E-5,173.713207
3676.562259,306.110000,4.000000,0.004779,7.297785E-5,65.487681,306.090000,8.000000,0.007880,0.000155,50.779080,306.060000,2.000000,0.003172,2.870843E-5,110.490203
3688.983707,306.050000,4.000000,0.006091,7.320677E-5,83.206784,306.030000,8.000000,0.010459,0.000155,67.303174,306.010000,2.000000,0.003337,2.867410E-5,116.383784
3701.418781,305.990000,4.000000,0.006163,7.297094E-5,84.456220,305.970000,8.000000,0.008731,0.000155,56.229077,305.950000,2.000000,0.002171,2.865747E-5,75.758596
3713.848475,305.930000,4.000000,0.006304,7.277537E-5,86.628894,305.910000,8.000000,0.009865,0.000155,63.596680,305.890000,2.000000,0.003772,2.882181E-5,130.880033
