300K to 150K,5K/min,,,,,,100K to 380K,5K/min,,,,,,380K to 300K,5K/min,,,,,,300K to 100K,14K/min,,,,,,100K to 300K,15K/min,,,,
Time Stamp (sec),Temperature (K),Bridge 1 Resistivity (Ohm-m),Bridge 1 Excitation (uA),Bridge 1 Std. Dev. (Ohm-m),Bridge 1 Resistance (Ohms),,Time Stamp (sec),Temperature (K),Bridge 1 Resistivity (Ohm-m),Bridge 1 Excitation (uA),Bridge 1 Std. Dev. (Ohm-m),Bridge 1 Resistance (Ohms),,Time Stamp (sec),Temperature (K),Bridge 1 Resistivity (Ohm-m),Bridge 1 Excitation (uA),Bridge 1 Std. Dev. (Ohm-m),Bridge 1 Resistance (Ohms),,Time Stamp (sec),Temperature (K),Bridge 1 Resistivity (Ohm-m),Bridge 1 Excitation (uA),Bridge 1 Std. Dev. (Ohm-m),Bridge 1 Resistance (Ohms),,Time Stamp (sec),Temperature (K),Bridge 1 Resistivity (Ohm-m),Bridge 1 Excitation (uA),Bridge 1 Std. Dev. (Ohm-m),Bridge 1 Resistance (Ohms)
14577512.59,299.988739,0.015443863,9.989999771,2.18E-05,15.44386299,,14580899.81,100.0723991,,0.12824,,,,14584363.28,380.0147858,0.025568177,9.989999771,5.46E-05,25.56817688,,14584991.5,299.7811584,0.014904735,9.989999771,2.30E-05,14.90473549,,14586376.78,99.57685089,242.5011816,0.01204,302.2339161,242501.1816
14577749.77,297.9630585,0.015198998,9.989999771,1.68E-05,15.19899845,,14580932.69,102.4441986,,0.002,,,,14584392.22,377.7097473,0.025283303,9.989999771,5.46E-05,25.28330254,,14585088.22,289.0676117,0.013916861,9.989999771,4.27E-05,13.91686054,,14586576.3,100.4976997,316.2901328,0.00988,374.7269108,316290.1328
14577951.31,300.0019989,0.015113795,9.989999771,0.000139093,15.11379456,,14580956.44,104.3508987,,0.002,,,,14584429.34,375.7070465,0.024941108,9.989999771,6.81E-05,24.94110756,,14585141.52,279.0355072,0.012960113,9.989999771,3.73E-05,12.96011341,,14586605.05,112.0051498,-157.7557894,0.03312,345.9381745,-157755.7894
14578014.91,297.8057556,0.014947097,9.989999771,4.28E-05,14.94709743,,14580980.48,106.4149513,,0.002,,,,14584456.98,373.4365387,0.024676645,9.989999771,4.82E-05,24.6766452,,14585194.8,269.1758575,0.01238409,9.989999771,3.94E-05,12.38409004,,14586636.14,121.8793526,407.5203902,0.061000001,295.2192483,407520.3902
14578057.64,295.5467987,0.014757382,9.989999771,1.80E-05,14.75738152,,14581003.59,108.34655,,0.002,,,,14584472.78,371.4497375,0.024358056,9.989999771,5.36E-05,24.35805618,,14585249.58,259.1650543,0.016250368,9.989999771,0.000312918,16.25036789,,14586669.53,132.0197983,320.3474438,0.09588,67.85752613,320347.4438
14578076.84,293.4710388,0.014608984,9.989999771,1.86E-05,14.60898438,,14581028.27,110.4088478,,0.002,,,,14584487.56,369.3462982,0.024057796,9.989999771,7.88E-05,24.05779556,,14585305.23,249.2212524,0.012887664,9.989999771,0.000116576,12.88766369,,14586706.89,141.4605484,297.0612536,0.11788,146.6785723,297061.2536
14578093.78,291.4037476,0.014393071,9.989999771,2.25E-05,14.39307079,,14581051.22,112.3144493,,0.002,,,,14584501.27,367.232254,0.023742911,9.989999771,4.64E-05,23.742911,,14585362.22,239.1434021,0.009784394,9.989999771,0.000140068,9.784393997,,14586746.72,151.6903458,3.867314541,9.359999903,0.494180975,3867.314541
14578108.89,289.384552,0.014209591,9.989999771,3.45E-05,14.20959095,,14581075.19,114.3153,,0.002,,,,14584513.77,365.2073059,0.023442451,9.989999771,5.28E-05,23.44245087,,14585421.16,229.0592041,0.008908574,9.989999771,8.54E-05,8.908573837,,14586789.11,160.991951,0.571202166,9.989999771,0.056377102,571.2021655
14578123.25,287.388855,0.014043113,9.989999771,4.74E-05,14.04311329,,14581099.41,116.3353004,,0.002,,,,14584526.11,363.1261444,0.023151215,9.989999771,6.21E-05,23.15121544,,14585480.63,219.0543976,0.009836102,9.989999771,7.44E-05,9.836101799,,14586834.34,171.2100525,0.101947592,9.989999771,0.007816759,101.9475916
14578140.34,285.7593536,0.013848753,9.989999771,4.01E-05,13.84875305,,14581123.2,118.3073502,,0.002,,,,14584537.34,361.2300873,0.022869609,9.989999771,7.22E-05,22.86960922,,14585541.09,209.3008499,0.011932934,9.989999771,0.000218895,11.93293415,,14586881.25,181.1486053,0.050834336,9.989999771,0.002268625,50.83433563
14578171.25,283.5671082,0.013630411,9.989999771,5.89E-05,13.63041103,,14581146.66,120.269001,,0.002,,,,14584549.61,359.0252533,0.022548559,9.989999771,5.73E-05,22.54855942,,14585605.73,199.2500992,0.016470302,9.989999771,0.000282003,16.47030209,,14586930.27,191.0852051,0.028784017,9.989999771,0.000755376,28.78401749
14578192.38,281.677948,0.013391027,9.989999771,2.82E-05,13.39102669,,14581170.88,122.3003006,,0.002,,,,14584560.08,357.1703033,0.022275837,9.989999771,6.39E-05,22.27583664,,14585671.89,189.2983017,0.025643718,9.989999771,0.00047061,25.64371849,,14586981.16,201.0916519,0.018390887,9.989999771,0.000339372,18.39088737
14578218.41,279.6121979,0.013247221,9.989999771,6.80E-05,13.24722092,,14581194.22,124.2383499,,0.002,,,,14584571.2,355.1537018,0.022002557,9.989999771,8.59E-05,22.00255707,,14585740.19,179.3340454,0.044181694,9.989999771,0.000991698,44.18169403,,14587033.66,210.9177475,0.012996372,9.989999771,0.000102594,12.99637245
14578241.44,277.6609955,0.013006589,9.989999771,8.37E-05,13.00658928,,14581218.28,126.2277489,,0.002,,,,14584582.39,353.0807037,0.021645137,9.989999771,5.28E-05,21.64513664,,14585811.94,169.2350464,0.087072635,9.989999771,0.002163108,87.07263489,,14587087.63,220.8325958,0.010399702,9.989999771,0.000101367,10.39970211
14578270.25,275.7351532,0.012844496,9.989999771,8.95E-05,12.84449577,,14581242.34,128.2330513,,0.002,,,,14584593.91,350.9055023,0.021467239,9.989999771,9.70E-05,21.46723938,,14585885.08,159.2978516,0.22210704,9.989999771,0.005950323,222.1070398,,14587144.59,230.850647,0.008909796,9.989999771,8.25E-05,8.909795609
14578293.36,273.5726471,0.01279665,9.989999771,0.000101442,12.79664959,,14581266.38,130.2310562,,0.002,,,,14584605.08,348.8070526,0.021216252,9.989999771,5.54E-05,21.2162516,,14585961.05,149.2954559,3.025329209,9.989999771,0.126100598,3025.329209,,14587202.92,240.8924484,0.008690428,9.989999771,5.33E-05,8.690427513
14578315.36,271.6875,0.012778334,9.989999771,0.000133605,12.77833359,,14581289.38,132.1629486,,0.002,,,,14584613.89,347.1684418,0.020979028,9.989999771,5.19E-05,20.97902809,,,0,344.6523265,0.113000001,88.36660389,344652.3265,,14587262.31,250.7519455,0.009707196,9.989999771,5.17E-05,9.707195892
14578340.61,269.6442566,0.012654694,9.989999771,8.52E-05,12.65469353,,14581313.39,134.1671066,2186.21566,0.02,23.43088077,2186215.66,,14584625.23,344.9517059,0.020673112,9.989999771,5.15E-05,20.67311203,,14586119.7,129.1558456,281.26653,0.103599999,52.94152164,281266.53,,14587323.59,260.721756,0.01094841,9.989999771,0.000645845,10.94840981
14578359.44,267.5785065,0.012616199,9.989999771,0.000118371,12.61619877,,14581337.84,136.1802521,1944.82933,0.02208,30.36472015,1944829.33,,14584635.27,343.0023041,0.020412471,9.989999771,5.07E-05,20.41247124,,14586203.92,118.773098,240.654112,0.177360001,253.0934702,240654.112,,14587386.84,270.727951,0.01233679,9.989999771,0.000308081,12.33679008
14578383.11,265.8593903,0.012287815,9.989999771,7.43E-05,12.28781487,,14581361.88,138.2159958,1484.01591,0.03116,91.43547253,1484015.91,,14584645.56,341.0105438,0.020164059,9.989999771,4.40E-05,20.16405853,,14586288.66,109.3705482,-247.1763928,0.036520001,349.5473987,-247176.3928,,14587450.88,280.6869507,0.01301827,9.989999771,3.67E-05,13.0182703
14578409.86,263.7195129,0.012449048,9.989999771,0.000130438,12.44904762,,14581384.83,140.1056976,1349.05835,0.034000002,24.62900156,1349058.35,,14584666.2,336.9532623,0.019604447,9.989999771,5.19E-05,19.60444717,,14586376.78,99.57685089,242.5011816,0.01204,302.2339161,242501.1816,,14587518.28,290.769989,0.013801043,9.989999771,2.91E-05,13.80104294
14578435.33,261.6892548,0.01253386,9.989999771,0.000133283,12.53386036,,14581409.17,142.1312485,1016.952993,0.0452,122.7966625,1016952.993,,14584676.11,334.9579926,0.019322376,9.989999771,5.04E-05,19.3223764,,,,,,,,,14587585.09,300.691803,0.01477143,9.989999771,2.55E-05,14.77142952
14578458.48,259.6798859,0.012710115,9.989999771,0.000214845,12.71011532,,14581433.13,144.1370544,806.497895,0.0586,19.22606542,806497.895,,14584686.33,332.9662933,0.019070505,9.989999771,4.59E-05,19.07050499,,,,,,,,,,,,,,
14578482.44,257.711853,0.011194418,9.989999771,0.000598606,11.19441837,,14581456.11,146.4770966,293.1452487,0.15332,235.0740982,293145.2487,,14584696.47,330.9902039,0.018816917,9.989999771,7.02E-05,18.81691704,,,,,,,,,,,,,,
14578505.47,255.7598495,0.012094631,9.989999771,8.43E-05,12.094631,,14581480.08,148.3984528,112.731673,3.658519971,187.141912,112731.673,,14584716.08,327.0484009,0.018257814,9.989999771,4.04E-05,18.25781395,,,,,,,,,,,,,,
14578529.98,253.7102509,0.013772937,9.989999771,0.001207691,13.77293659,,14581505.14,150.1333008,3.005269414,9.989999771,0.080951847,3005.269414,,14584726.2,324.9282074,0.018062283,9.989999771,4.77E-05,18.06228325,,,,,,,,,,,,,,
14578553.91,251.6992493,0.018801752,9.989999771,0.002048644,18.80175156,,14581527.63,152.0234985,2.134130967,9.989999771,0.093855495,2134.130967,,14584736.48,322.867691,0.01778883,9.989999771,4.02E-05,17.78883018,,,,,,,,,,,,,,
14578577.06,249.7667465,0.016197904,9.989999771,0.000185675,16.19790382,,14581552.25,154.0691452,1.420348447,9.989999771,0.049391686,1420.348447,,14584745.45,321.0545502,0.017595601,9.989999771,6.39E-05,17.59560059,,,,,,,,,,,,,,
14578601.53,247.7368469,0.014540119,9.989999771,8.14E-05,14.54011894,,14581575.56,155.9981461,0.912884141,9.989999771,0.028036817,912.8841406,,14584755.47,319.0327606,0.017328248,9.989999771,4.37E-05,17.32824829,,,,,,,,,,,,,,
14578625.59,245.7017059,0.013667688,9.989999771,4.29E-05,13.66768761,,14581599.64,158.0294495,0.565691563,9.989999771,0.021131855,565.6915625,,14584765.75,316.9930115,0.017075103,9.989999771,3.91E-05,17.075103,,,,,,,,,,,,,,
14578647.59,243.7819061,0.013080338,9.989999771,6.90E-05,13.08033848,,14581622.97,159.9655991,0.357687256,9.989999771,0.014861949,357.6872559,,14584776.06,314.9542542,0.016809314,9.989999771,4.65E-05,16.80931396,,,,,,,,,,,,,,
14578671.84,241.8142014,0.012857949,9.989999771,0.000242909,12.85794872,,14581647.05,161.9889984,0.178822643,9.989999771,0.004079527,178.8226434,,14584785.27,313.0835419,0.016584333,9.989999771,4.24E-05,16.58433258,,,,,,,,,,,,,,
14578697.22,239.7225494,0.012192616,9.989999771,5.21E-05,12.19261578,,14581671.36,163.9859009,0.143557871,9.989999771,0.002848441,143.5578711,,14584795.39,311.0543518,0.01636158,9.989999771,5.08E-05,16.36157959,,,,,,,,,,,,,,
14578720.56,237.7802505,0.011668585,9.989999771,7.66E-05,11.66858505,,14581694.66,165.961853,0.119979748,9.989999771,0.003460079,119.9797476,,14584805.47,309.0131531,0.016115634,9.989999771,4.54E-05,16.11563408,,,,,,,,,,,,,,
14578744.45,235.8185501,0.01151189,9.989999771,5.07E-05,11.51189026,,14581719.2,168.0026016,0.10047638,9.989999771,0.00226796,100.47638,,14584815.33,307.0810547,0.015892307,9.989999771,4.75E-05,15.89230701,,,,,,,,,,,,,,
14578792.69,231.8291016,0.010948273,9.989999771,5.26E-05,10.94827305,,14581742.13,169.8928452,0.087169629,9.989999771,0.001887153,87.16962921,,14584825.89,304.9742584,0.015666537,9.989999771,3.22E-05,15.66653748,,,,,,,,,,,,,,
14578816.67,229.8143539,0.010953924,9.989999771,6.19E-05,10.95392437,,14581765.88,171.868103,0.074828795,9.989999771,0.00404563,74.82879501,,14584835.7,302.9824066,0.015421184,9.989999771,4.71E-05,15.4211842,,,,,,,,,,,,,,
14578840.97,227.7855988,0.011100263,9.989999771,8.25E-05,11.10026306,,14581790.36,173.9272537,0.066004454,9.989999771,0.001187654,66.00445419,,14584852.25,,,,,,,,,,,,,,,,,,,
14578863.7,225.8947983,0.01124495,9.989999771,5.95E-05,11.24494972,,14581813.58,175.8402557,0.058478271,9.989999771,0.001232482,58.47827103,,,,,,,,,,,,,,,,,,,,,
14578888.28,223.84375,0.011345419,9.989999771,9.05E-05,11.3454192,,14581837.53,177.8694,0.052751046,9.989999771,0.000944016,52.75104599,,,,,,,,,,,,,,,,,,,,,
14578912.63,221.7818527,0.011653831,9.989999771,6.59E-05,11.65383053,,14581860.94,179.8040009,0.047225301,9.989999771,0.000781367,47.22530106,,,,,,,,,,,,,,,,,,,,,
14578935.59,219.8985519,0.011940098,9.989999771,7.55E-05,11.94009789,,14581885.09,181.7967453,0.041965346,9.989999771,0.000740172,41.96534576,,,,,,,,,,,,,,,,,,,,,
14578959.67,217.8741531,0.012389711,9.989999771,6.41E-05,12.389711,,14581909.34,183.8516006,0.038103717,9.989999771,0.000616796,38.10371704,,,,,,,,,,,,,,,,,,,,,
14578983.84,215.854599,0.012773232,9.989999771,8.25E-05,12.77323193,,14581933.52,185.8416977,0.035122287,9.989999771,0.000651235,35.12228714,,,,,,,,,,,,,,,,,,,,,
14579006.83,213.853096,0.013179197,9.989999771,0.000156089,13.17919689,,14581956.56,187.7641983,0.032054314,9.989999771,0.001145253,32.05431381,,,,,,,,,,,,,,,,,,,,,
14579032.03,211.8362961,0.013917927,9.989999771,9.43E-05,13.91792702,,14581980.94,189.8021469,0.030519741,9.989999771,0.00045434,30.51974083,,,,,,,,,,,,,,,,,,,,,
14579055.77,209.8429947,0.014467386,9.989999771,0.000150133,14.46738567,,14582004.09,191.7195511,0.028958413,9.989999771,0.000615231,28.95841263,,,,,,,,,,,,,,,,,,,,,
14579080.13,207.8079453,0.01503826,9.989999771,0.00022555,15.03826031,,14582027.84,194.0339432,0.021385489,9.989999771,0.000454469,21.38548897,,,,,,,,,,,,,,,,,,,,,
14579102.69,205.9325943,0.015989361,9.989999771,0.00011232,15.98936142,,14582051.64,195.6853943,0.038080921,9.989999771,0.015416894,38.08092079,,,,,,,,,,,,,,,,,,,,,
14579128.11,203.8734512,0.016882345,9.989999771,0.000205531,16.88234543,,14582075.77,197.7639999,0.031897162,9.989999771,0.019359976,31.89716153,,,,,,,,,,,,,,,,,,,,,
14579151.7,201.8989487,0.017759065,9.989999771,0.000300163,17.75906517,,14582100.19,199.7415009,0.022107357,9.989999771,0.000670384,22.10735725,,,,,,,,,,,,,,,,,,,,,
14579175.58,199.9031982,0.01889342,9.989999771,0.000244008,18.89341972,,14582123.2,201.6797485,0.031171774,9.989999771,0.003496301,31.17177437,,,,,,,,,,,,,,,,,,,,,
14579199.81,197.8758469,0.020020158,9.989999771,0.000262346,20.02015816,,14582147.31,203.8451996,0.028799552,9.989999771,0.016848591,28.79955162,,,,,,,,,,,,,,,,,,,,,
14579222.59,195.9916458,0.021097364,9.989999771,0.000273728,21.09736366,,14582171.92,205.7230453,0.02307073,9.989999771,0.009227975,23.07072974,,,,,,,,,,,,,,,,,,,,,
14579246.67,193.9586487,0.022541891,9.989999771,0.000382121,22.54189125,,14582195.02,207.656601,0.001217784,9.989999771,0.007217183,1.217784191,,,,,,,,,,,,,,,,,,,,,
14579270.91,191.9516983,0.024242055,9.989999771,0.000244886,24.24205475,,14582219.45,209.6841507,0.011916041,9.989999771,0.00275933,11.91604149,,,,,,,,,,,,,,,,,,,,,
14579293.13,189.9445953,0.025495874,9.989999771,0.000501113,25.49587425,,14582243.11,211.679451,0.013529887,9.989999771,0.001021458,13.52988678,,,,,,,,,,,,,,,,,,,,,
14579318.33,187.9776993,0.028029687,9.989999771,0.000239698,28.02968651,,14582266.31,213.5833969,0.011271334,9.989999771,0.000809731,11.27133408,,,,,,,,,,,,,,,,,,,,,
14579342.3,185.9242477,0.03069119,9.989999771,0.000391954,30.69119041,,14582290.22,215.5747528,0.042887177,9.989999771,0.01713344,42.88717651,,,,,,,,,,,,,,,,,,,,,
14579366.77,183.9794464,0.034071539,9.989999771,0.000510588,34.07153885,,14582314.27,217.6011505,0.014486555,9.989999771,0.000267591,14.48655495,,,,,,,,,,,,,,,,,,,,,
14579390.61,181.9645996,0.036908035,9.989999771,0.000527975,36.90803482,,14582337.47,219.5107498,0.013217074,9.989999771,0.000117824,13.21707378,,,,,,,,,,,,,,,,,,,,,
14579414.84,179.7358017,0.034158788,9.989999771,0.003802953,34.15878838,,14582361.39,221.5105972,0.012764668,9.989999771,0.000211346,12.76466827,,,,,,,,,,,,,,,,,,,,,
14579439.53,177.8889008,0.046038301,9.989999771,0.000884117,46.03830139,,14582385.55,223.5356979,0.012482294,9.989999771,9.15E-05,12.48229385,,,,,,,,,,,,,,,,,,,,,
14579462.64,175.9736557,0.050870987,9.989999771,0.00099946,50.87098679,,14582409.45,225.5338516,0.01204581,9.989999771,0.000134054,12.04580959,,,,,,,,,,,,,,,,,,,,,
14579485.48,174.0558472,0.056431099,9.989999771,0.000960068,56.43109894,,14582433.52,227.47715,0.010532632,9.989999771,0.00079097,10.53263191,,,,,,,,,,,,,,,,,,,,,
14579509.84,172.0124512,0.064789807,9.989999771,0.001061075,64.78980667,,14582456.41,229.4718552,0.011369875,9.989999771,0.000130673,11.36987541,,,,,,,,,,,,,,,,,,,,,
14579533.06,169.9620972,0.07409043,9.989999771,0.00155194,74.09042999,,14582481.75,231.5224991,0.011348298,9.989999771,0.000112537,11.34829815,,,,,,,,,,,,,,,,,,,,,
14579556.94,167.7812042,0.068009191,9.989999771,0.011284709,68.00919128,,14582503.81,233.383194,0.011138364,9.989999771,8.63E-05,11.13836422,,,,,,,,,,,,,,,,,,,,,
14579581.86,165.9883499,0.099775621,9.989999771,0.002195971,99.77562134,,14582529.44,235.4994507,0.010960985,9.989999771,3.86E-05,10.96098484,,,,,,,,,,,,,,,,,,,,,
14579606.09,164.0006027,0.119125592,9.989999771,0.003377965,119.1255917,,14582552.41,237.4127502,0.010978433,9.989999771,3.37E-05,10.97843304,,,,,,,,,,,,,,,,,,,,,
14579630.14,162.010849,0.143798226,9.989999771,0.00290393,143.7982263,,14582575.97,239.3819046,0.011022452,9.989999771,6.73E-05,11.02245152,,,,,,,,,,,,,,,,,,,,,
14579653.28,160.0906525,0.176650054,9.989999771,0.005127075,176.6500543,,14582600.09,241.4254456,0.010962954,9.989999771,5.49E-05,10.96295433,,,,,,,,,,,,,,,,,,,,,
14579677.66,158.0328979,0.221239796,9.989999771,0.005510804,221.2397955,,14582624.59,243.4468536,0.011025625,9.989999771,4.15E-05,11.02562477,,,,,,,,,,,,,,,,,,,,,
14579700.61,155.8048019,0.160334438,9.989999771,0.007304589,160.3344379,,14582647.67,245.3616943,0.011247807,9.989999771,6.43E-05,11.24780659,,,,,,,,,,,,,,,,,,,,,
14579724.91,154.1039963,0.862964016,9.989999771,0.034496559,862.9640161,,14582671.84,247.3825989,0.011587097,9.989999771,0.000140979,11.58709724,,,,,,,,,,,,,,,,,,,,,
14579749.48,152.0545502,1.357747261,9.989999771,0.051028733,1357.747261,,14582695.75,249.3918991,0.012111297,9.989999771,5.86E-05,12.11129704,,,,,,,,,,,,,,,,,,,,,
14579772.17,150.0762024,2.027095713,9.989999771,0.065328256,2027.095713,,14582719.47,251.3637466,0.011956056,9.989999771,0.000177995,11.95605568,,,,,,,,,,,,,,,,,,,,,
14579796.75,148.116951,2.975051006,9.989999771,0.068720211,2975.051006,,14582743.23,253.333847,0.013561083,9.989999771,0.001168186,13.56108341,,,,,,,,,,,,,,,,,,,,,
,,,,,,,14582766.17,255.2755508,0.012285247,9.989999771,6.45E-05,12.285247,,,,,,,,,,,,,,,,,,,,,
,,,,,,,14582790.47,257.2718964,0.012656684,9.989999771,0.000953377,12.65668415,,,,,,,,,,,,,,,,,,,,,
,,,,,,,14582814.42,259.2865601,0.013614005,9.989999771,0.000129859,13.61400505,,,,,,,,,,,,,,,,,,,,,
,,,,,,,14582839.25,261.3398895,0.013198306,9.989999771,0.000115856,13.19830555,,,,,,,,,,,,,,,,,,,,,
,,,,,,,14582861.44,263.1964874,0.013254356,9.989999771,0.000181729,13.25435589,,,,,,,,,,,,,,,,,,,,,
,,,,,,,14582885.52,265.1842041,0.01318821,9.989999771,0.000171095,13.18820965,,,,,,,,,,,,,,,,,,,,,
,,,,,,,14582909.88,267.2153473,0.013187316,9.989999771,0.000153199,13.18731586,,,,,,,,,,,,,,,,,,,,,
,,,,,,,14582934.03,269.2514954,0.013337871,9.989999771,0.00010278,13.33787113,,,,,,,,,,,,,,,,,,,,,
,,,,,,,14582956.88,271.1278992,0.013370104,9.989999771,7.98E-05,13.37010368,,,,,,,,,,,,,,,,,,,,,
,,,,,,,14582981.06,273.1380463,0.013498302,9.989999771,3.14E-05,13.49830173,,,,,,,,,,,,,,,,,,,,,
,,,,,,,14583005.13,275.1838989,0.013547699,9.989999771,5.73E-05,13.54769894,,,,,,,,,,,,,,,,,,,,,
,,,,,,,14583029.78,277.1930389,0.013723031,9.989999771,2.77E-05,13.72303055,,,,,,,,,,,,,,,,,,,,,
,,,,,,,14583052.23,279.1038361,0.013885713,9.989999771,1.89E-05,13.8857127,,,,,,,,,,,,,,,,,,,,,
,,,,,,,14583076.39,281.0995483,0.014056261,9.989999771,2.52E-05,14.05626053,,,,,,,,,,,,,,,,,,,,,
,,,,,,,14583101.06,283.1493988,0.014222264,9.989999771,3.09E-05,14.22226368,,,,,,,,,,,,,,,,,,,,,
,,,,,,,14583124.97,285.1434479,0.014292487,9.989999771,3.55E-05,14.29248684,,,,,,,,,,,,,,,,,,,,,
,,,,,,,14583147.98,287.0839081,0.014506651,9.989999771,4.28E-05,14.50665108,,,,,,,,,,,,,,,,,,,,,
,,,,,,,14583172.23,289.0643921,0.014681224,9.989999771,2.42E-05,14.68122368,,,,,,,,,,,,,,,,,,,,,
,,,,,,,14583196.66,291.0915527,0.014769224,9.989999771,1.48E-05,14.76922386,,,,,,,,,,,,,,,,,,,,,
,,,,,,,14583219.7,293.038147,0.014995359,9.989999771,2.65E-05,14.99535885,,,,,,,,,,,,,,,,,,,,,
,,,,,,,14583243.91,295.0278625,0.015118968,9.989999771,3.31E-05,15.11896824,,,,,,,,,,,,,,,,,,,,,
,,,,,,,14583267.56,297.0287018,0.01531725,9.989999771,1.68E-05,15.31725048,,,,,,,,,,,,,,,,,,,,,
,,,,,,,14583290.41,298.9116516,0.015453255,9.989999771,2.80E-05,15.45325485,,,,,,,,,,,,,,,,,,,,,
,,,,,,,14583314.89,300.950592,0.015688155,9.989999771,1.30E-05,15.68815475,,,,,,,,,,,,,,,,,,,,,
,,,,,,,14583338.83,302.9726563,0.015898975,9.989999771,1.60E-05,15.89897514,,,,,,,,,,,,,,,,,,,,,
,,,,,,,14583363.13,304.9862366,0.016071926,9.989999771,1.70E-05,16.07192604,,,,,,,,,,,,,,,,,,,,,
,,,,,,,14583387.08,306.9744568,0.016249235,9.989999771,1.33E-05,16.24923454,,,,,,,,,,,,,,,,,,,,,
,,,,,,,14583410.03,308.8770599,0.016382423,9.989999771,2.10E-05,16.3824234,,,,,,,,,,,,,,,,,,,,,
,,,,,,,14583433.55,310.8774109,0.016629968,9.989999771,9.93E-06,16.62996834,,,,,,,,,,,,,,,,,,,,,
,,,,,,,14583458.27,312.8994141,0.016741105,9.989999771,1.59E-05,16.74110512,,,,,,,,,,,,,,,,,,,,,
,,,,,,,14583482.27,314.8742981,0.016964765,9.989999771,1.57E-05,16.96476486,,,,,,,,,,,,,,,,,,,,,
,,,,,,,14583506.08,316.9230042,0.017159399,9.989999771,1.55E-05,17.15939888,,,,,,,,,,,,,,,,,,,,,
,,,,,,,14583530.19,318.9267426,0.017254874,9.989999771,5.74E-05,17.25487442,,,,,,,,,,,,,,,,,,,,,
,,,,,,,14583553.09,320.8157501,0.017439967,9.989999771,3.17E-05,17.43996719,,,,,,,,,,,,,,,,,,,,,
,,,,,,,14583577.34,322.8140411,0.017587785,9.989999771,8.18E-06,17.58778458,,,,,,,,,,,,,,,,,,,,,
,,,,,,,14583601.39,324.8108978,0.017896012,9.989999771,9.13E-06,17.89601242,,,,,,,,,,,,,,,,,,,,,
,,,,,,,14583625.38,326.8143463,0.018082092,9.989999771,1.95E-05,18.0820916,,,,,,,,,,,,,,,,,,,,,
,,,,,,,14583648.17,328.7273102,0.018272869,9.989999771,1.30E-05,18.27286865,,,,,,,,,,,,,,,,,,,,,
,,,,,,,14583673.88,330.8345947,0.018348496,9.989999771,1.93E-05,18.34849625,,,,,,,,,,,,,,,,,,,,,
,,,,,,,14583720.34,334.7254486,0.018833236,9.989999771,1.52E-05,18.83323578,,,,,,,,,,,,,,,,,,,,,
,,,,,,,14583744.36,336.7351074,0.018973437,9.989999771,1.91E-05,18.97343651,,,,,,,,,,,,,,,,,,,,,
,,,,,,,14583768.28,338.734848,0.019196219,9.989999771,2.91E-05,19.19621864,,,,,,,,,,,,,,,,,,,,,
,,,,,,,14583792.36,340.7373047,0.019463218,9.989999771,2.22E-05,19.463218,,,,,,,,,,,,,,,,,,,,,
,,,,,,,14583815.47,342.6510925,0.019737148,9.989999771,3.07E-05,19.73714783,,,,,,,,,,,,,,,,,,,,,
,,,,,,,14583839.38,344.6793518,0.020060475,9.989999771,4.39E-05,20.06047523,,,,,,,,,,,,,,,,,,,,,
,,,,,,,14583863.69,346.6734009,0.020343868,9.989999771,1.75E-05,20.34386818,,,,,,,,,,,,,,,,,,,,,
,,,,,,,14583886.72,348.5909424,0.020577487,9.989999771,2.07E-05,20.57748665,,,,,,,,,,,,,,,,,,,,,
,,,,,,,14583911.09,350.6262054,0.020845483,9.989999771,2.23E-05,20.84548279,,,,,,,,,,,,,,,,,,,,,
,,,,,,,14583935.08,352.6492004,0.021137556,9.989999771,1.86E-05,21.137556,,,,,,,,,,,,,,,,,,,,,
,,,,,,,14583959.39,354.6065521,0.021406381,9.989999771,2.20E-05,21.406381,,,,,,,,,,,,,,,,,,,,,
,,,,,,,14583982.16,356.5842438,0.021674329,9.989999771,2.90E-05,21.67432854,,,,,,,,,,,,,,,,,,,,,
,,,,,,,14584006.66,358.5708008,0.021995011,9.989999771,2.33E-05,21.99501114,,,,,,,,,,,,,,,,,,,,,
,,,,,,,14584030.55,360.582901,0.022263638,9.989999771,2.55E-05,22.26363762,,,,,,,,,,,,,,,,,,,,,
,,,,,,,14584053.91,362.5377502,0.02255351,9.989999771,2.06E-05,22.5535099,,,,,,,,,,,,,,,,,,,,,
,,,,,,,14584077.88,364.5096893,0.022828406,9.989999771,3.26E-05,22.82840553,,,,,,,,,,,,,,,,,,,,,
,,,,,,,14584101.45,366.5014954,0.023145279,9.989999771,3.23E-05,23.1452787,,,,,,,,,,,,,,,,,,,,,
,,,,,,,14584125.2,368.4874573,0.023472687,9.989999771,2.98E-05,23.472687,,,,,,,,,,,,,,,,,,,,,
,,,,,,,14584149.59,370.4784851,0.023794704,9.989999771,2.69E-05,23.79470428,,,,,,,,,,,,,,,,,,,,,
,,,,,,,14584172.5,372.4060974,0.024108284,9.989999771,2.46E-05,24.108284,,,,,,,,,,,,,,,,,,,,,
,,,,,,,14584196.72,374.4275055,0.024337091,9.989999771,3.26E-05,24.33709053,,,,,,,,,,,,,,,,,,,,,
,,,,,,,14584221.03,376.4415436,0.024709375,9.989999771,2.75E-05,24.70937508,,,,,,,,,,,,,,,,,,,,,
,,,,,,,14584245.81,378.5022583,0.025056825,9.989999771,4.30E-05,25.05682541,,,,,,,,,,,,,,,,,,,,,
,,,,,,,14584270.98,380.2423553,0.025357764,9.989999771,2.32E-05,25.35776436,,,,,,,,,,,,,,,,,,,,,
,,,,,,,,,,,,,,,,,,,,,,,,,,,,,,,,,
,,,,,,,,,,,,,,,,,,,,,,,,,,,,,,,,,
,,,,,,,,,,,,,,,,,,,,,,,,,,,,,,,,,
,,,,,,,,,,,,,,,,,,,,,,,,,,,,,,,,,
,,,,,,,,,,,,,,,,,,,,,,,,,,,,,,,,,
,,,,,,,,,,,,,,,,,,,,,,,,,,,,,,,,,
,,,,,,,,,,,,,,,,,,,,,,,,,,,,,,,,,
,,,,,,,,,,,,,,,,,,,,,,,,,,,,,,,,,
,,,,,,,,,,,,,,,,,,,,,,,,,,,,,,,,,
,,,,,,,,,,,,,,,,,,,,,,,,,,,,,,,,,
,,,,,,,,,,,,,,,,,,,,,,,,,,,,,,,,,
,,,,,,,,,,,,,,,,,,,,,,,,,,,,,,,,,
,,,,,,,,,,,,,,,,,,,,,,,,,,,,,,,,,
,,,,,,,,,,,,,,,,,,,,,,,,,,,,,,,,,
,,,,,,,,,,,,,,,,,,,,,,,,,,,,,,,,,
,,,,,,,,,,,,,,,,,,,,,,,,,,,,,,,,,
,,,,,,,,,,,,,,,,,,,,,,,,,,,,,,,,,
,,,,,,,,,,,,,,,,,,,,,,,,,,,,,,,,,
,,,,,,,,,,,,,,,,,,,,,,,,,,,,,,,,,
,,,,,,,,,,,,,,,,,,,,,,,,,,,,,,,,,
,,,,,,,,,,,,,,,,,,,,,,,,,,,,,,,,,
,,,,,,,,,,,,,,,,,,,,,,,,,,,,,,,,,
,,,,,,,,,,,,,,,,,,,,,,,,,,,,,,,,,
,,,,,,,,,,,,,,,,,,,,,,,,,,,,,,,,,
,,,,,,,,,,,,,,,,,,,,,,,,,,,,,,,,,
,,,,,,,,,,,,,,,,,,,,,,,,,,,,,,,,,
,,,,,,,,,,,,,,,,,,,,,,,,,,,,,,,,,
,,,,,,,,,,,,,,,,,,,,,,,,,,,,,,,,,
,,,,,,,,,,,,,,,,,,,,,,,,,,,,,,,,,
,,,,,,,,,,,,,,,,,,,,,,,,,,,,,,,,,
,,,,,,,,,,,,,,,,,,,,,,,,,,,,,,,,,
,,,,,,,,,,,,,,,,,,,,,,,,,,,,,,,,,
,,,,,,,,,,,,,,,,,,,,,,,,,,,,,,,,,
,,,,,,,,,,,,,,,,,,,,,,,,,,,,,,,,,
,,,,,,,,,,,,,,,,,,,,,,,,,,,,,,,,,
,,,,,,,,,,,,,,,,,,,,,,,,,,,,,,,,,
,,,,,,,,,,,,,,,,,,,,,,,,,,,,,,,,,