0,300,0.099133,9.91E-06,0.02772,2.75E-07,,
10.649609,300,0.099132,9.91E-06,0.028558,2.83E-07,,300K¨250K (180807; 1K/min)
21.227214,299.99,0.099136,9.91E-06,0.028042,2.78E-07,,250K¨300K (180807; 1K/min)
31.844821,299.85,0.099134,9.91E-06,0.028275,2.80E-07,,
42.428427,299.67,0.099133,9.91E-06,0.028073,2.78E-07,,
53.029033,299.5,0.099133,9.91E-06,0.028063,2.78E-07,,
63.602638,299.32,0.099134,9.91E-06,0.028154,2.79E-07,,
74.228246,299.14,0.099128,9.91E-06,0.028014,2.78E-07,,
84.80185,298.95,0.099135,9.91E-06,0.028083,2.78E-07,,
95.429459,298.77,0.099135,9.91E-06,0.028194,2.80E-07,,
106.030065,298.59,0.099134,9.91E-06,0.028255,2.80E-07,,
116.632671,298.41,0.099134,9.91E-06,0.028235,2.80E-07,,
127.235278,298.24,0.099136,9.91E-06,0.027992,2.78E-07,,
137.829883,298.06,0.099136,9.91E-06,0.028093,2.79E-07,,
148.43749,297.88,0.099128,9.91E-06,0.027853,2.76E-07,,
159.016095,297.7,0.099138,9.91E-06,0.027981,2.77E-07,,
169.636703,297.52,0.099136,9.91E-06,0.028022,2.78E-07,,
180.230309,297.34,0.099138,9.91E-06,0.028173,2.79E-07,,
190.848916,297.17,0.099136,9.91E-06,0.028315,2.81E-07,,
201.439522,296.99,0.099139,9.91E-06,0.028142,2.79E-07,,
212.042128,296.81,0.099137,9.91E-06,0.028183,2.79E-07,,
222.616733,296.63,0.099137,9.91E-06,0.028193,2.80E-07,,
233.23434,296.46,0.099136,9.91E-06,0.028062,2.78E-07,,
243.830946,296.28,0.099137,9.91E-06,0.028082,2.78E-07,,
254.438553,296.1,0.099137,9.91E-06,0.02786,2.76E-07,,
265.017159,295.92,0.099136,9.91E-06,0.028083,2.78E-07,,
275.632766,295.75,0.099137,9.91E-06,0.028203,2.80E-07,,
286.217371,295.57,0.09914,9.91E-06,0.028001,2.78E-07,,
296.831978,295.39,0.099137,9.91E-06,0.028133,2.79E-07,,
307.429584,295.22,0.099138,9.91E-06,0.027911,2.77E-07,,
318.03219,295.04,0.099133,9.91E-06,0.028063,2.78E-07,,
328.633797,294.86,0.099138,9.91E-06,0.028011,2.78E-07,,
339.237403,294.68,0.099136,9.91E-06,0.028002,2.78E-07,,
349.83201,294.51,0.099138,9.91E-06,0.028082,2.78E-07,,
360.441616,294.33,0.099138,9.91E-06,0.028022,2.78E-07,,
371.019222,294.15,0.099138,9.91E-06,0.028112,2.79E-07,,
381.633828,293.98,0.099138,9.91E-06,0.028082,2.78E-07,,
392.218434,293.8,0.099139,9.91E-06,0.027981,2.77E-07,,
402.833041,293.62,0.099138,9.91E-06,0.027991,2.78E-07,,
413.448648,293.44,0.09914,9.91E-06,0.02796,2.77E-07,,
424.053255,293.27,0.09914,9.91E-06,0.02794,2.77E-07,,
434.656861,293.09,0.099139,9.91E-06,0.027799,2.76E-07,,
445.254467,292.91,0.099138,9.91E-06,0.028032,2.78E-07,,
455.862073,292.74,0.09913,9.91E-06,0.027872,2.76E-07,,
466.433679,292.56,0.099137,9.91E-06,0.027951,2.77E-07,,
477.054286,292.38,0.099134,9.91E-06,0.027912,2.77E-07,,
487.642892,292.2,0.099136,9.91E-06,0.027851,2.76E-07,,
498.260499,292.03,0.099136,9.91E-06,0.028073,2.78E-07,,
508.865106,291.85,0.099135,9.91E-06,0.02775,2.75E-07,,
519.479713,291.67,0.099135,9.91E-06,0.028123,2.79E-07,,
530.09332,291.5,0.099136,9.91E-06,0.027962,2.77E-07,,
540.693926,291.32,0.099134,9.91E-06,0.02774,2.75E-07,,
551.334535,291.14,0.099132,9.91E-06,0.02765,2.74E-07,,
561.894138,290.97,0.099135,9.91E-06,0.027901,2.77E-07,,
572.521747,290.79,0.099134,9.91E-06,0.027781,2.75E-07,,
583.105352,290.61,0.099137,9.91E-06,0.027669,2.74E-07,,
593.720959,290.43,0.099134,9.91E-06,0.02777,2.75E-07,,
604.282563,290.26,0.099138,9.91E-06,0.02782,2.76E-07,,
614.896171,290.08,0.099137,9.91E-06,0.027881,2.76E-07,,
625.494777,289.9,0.09914,9.91E-06,0.027799,2.76E-07,,
636.108383,289.72,0.099137,9.91E-06,0.027699,2.75E-07,,
646.677988,289.55,0.099141,9.91E-06,0.027769,2.75E-07,,
657.308596,289.37,0.099139,9.91E-06,0.02782,2.76E-07,,
667.8682,289.2,0.099139,9.91E-06,0.027749,2.75E-07,,
678.495808,289.02,0.099141,9.91E-06,0.027658,2.74E-07,,
689.095415,288.84,0.09914,9.91E-06,0.027486,2.73E-07,,
699.707021,288.66,0.099143,9.91E-06,0.027465,2.72E-07,,
710.336629,288.49,0.099142,9.91E-06,0.027587,2.74E-07,,
720.923234,288.31,0.099143,9.91E-06,0.027607,2.74E-07,,
731.536842,288.13,0.099136,9.91E-06,0.027316,2.71E-07,,
742.112446,287.96,0.099142,9.91E-06,0.027496,2.73E-07,,
752.737054,287.78,0.099142,9.91E-06,0.027536,2.73E-07,,
763.296659,287.6,0.09914,9.91E-06,0.027527,2.73E-07,,
773.925266,287.42,0.099141,9.91E-06,0.027415,2.72E-07,,
784.510871,287.25,0.099143,9.91E-06,0.027375,2.71E-07,,
795.110477,287.07,0.099139,9.91E-06,0.027547,2.73E-07,,
805.697083,286.9,0.099141,9.91E-06,0.027597,2.74E-07,,
816.324691,286.72,0.099139,9.91E-06,0.027033,2.68E-07,,
826.878295,286.54,0.099143,9.91E-06,0.027586,2.74E-07,,
837.523904,286.36,0.099139,9.91E-06,0.027608,2.74E-07,,
848.11251,286.19,0.099143,9.91E-06,0.027405,2.72E-07,,
858.725116,286.01,0.099141,9.91E-06,0.027567,2.73E-07,,
869.297721,285.83,0.099143,9.91E-06,0.027395,2.72E-07,,
879.925329,285.66,0.099141,9.91E-06,0.027557,2.73E-07,,
890.482933,285.48,0.099143,9.91E-06,0.027506,2.73E-07,,
901.075539,285.3,0.099134,9.91E-06,0.027276,2.70E-07,,
911.654144,285.13,0.09914,9.91E-06,0.027325,2.71E-07,,
922.277751,284.95,0.099138,9.91E-06,0.027326,2.71E-07,,
932.844356,284.77,0.099143,9.91E-06,0.027334,2.71E-07,,
943.469963,284.6,0.099141,9.91E-06,0.027385,2.72E-07,,
954.08557,284.42,0.099142,9.91E-06,0.027264,2.70E-07,,
964.698178,284.24,0.09914,9.91E-06,0.027133,2.69E-07,,
975.326786,284.06,0.099133,9.91E-06,0.027337,2.71E-07,,
985.940393,283.89,0.099141,9.91E-06,0.027184,2.70E-07,,
996.549999,283.71,0.09914,9.91E-06,0.027396,2.72E-07,,
1007.114604,283.53,0.099138,9.91E-06,0.027497,2.73E-07,,
1017.72821,283.36,0.099138,9.91E-06,0.027164,2.69E-07,,
1028.300815,283.18,0.099139,9.91E-06,0.027234,2.70E-07,,
1038.914423,283,0.099137,9.91E-06,0.027285,2.71E-07,,
1049.500028,282.83,0.09914,9.91E-06,0.027154,2.69E-07,,
1060.100635,282.65,0.099133,9.91E-06,0.027135,2.69E-07,,
1070.701241,282.47,0.099136,9.91E-06,0.027215,2.70E-07,,
1081.314848,282.29,0.099138,9.91E-06,0.027094,2.69E-07,,
1091.928455,282.12,0.09914,9.91E-06,0.027204,2.70E-07,,
1102.543062,281.94,0.099137,9.91E-06,0.027154,2.69E-07,,
1113.16067,281.76,0.099131,9.91E-06,0.027166,2.69E-07,,
1123.742274,281.59,0.099139,9.91E-06,0.026992,2.68E-07,,
1134.366882,281.41,0.099136,9.91E-06,0.027195,2.70E-07,,
1144.942487,281.23,0.099139,9.91E-06,0.027305,2.71E-07,,
1155.564095,281.06,0.09914,9.91E-06,0.027032,2.68E-07,,
1166.1487,280.88,0.099141,9.91E-06,0.027113,2.69E-07,,
1176.751307,280.7,0.099138,9.91E-06,0.027023,2.68E-07,,
1187.328911,280.53,0.099143,9.91E-06,0.027022,2.68E-07,,
1197.946518,280.35,0.099141,9.91E-06,0.026901,2.67E-07,,
1208.517123,280.17,0.099141,9.91E-06,0.027113,2.69E-07,,
1219.11673,280,0.099135,9.91E-06,0.026862,2.66E-07,,
1229.703335,279.82,0.099141,9.91E-06,0.025943,2.57E-07,,
1240.329943,279.64,0.099138,9.91E-06,0.027083,2.69E-07,,
1250.916549,279.47,0.099141,9.91E-06,0.026891,2.67E-07,,
1261.530155,279.29,0.099141,9.91E-06,0.027184,2.70E-07,,
1272.130762,279.11,0.099142,9.91E-06,0.027002,2.68E-07,,
1282.733368,278.94,0.099144,9.91E-06,0.027223,2.70E-07,,
1293.344975,278.76,0.099131,9.91E-06,0.027126,2.69E-07,,
1303.945581,278.58,0.099145,9.91E-06,0.029099,2.89E-07,,
1314.56919,278.41,0.099145,9.91E-06,0.034112,3.38E-07,,
1325.149795,278.23,0.099144,9.91E-06,0.033608,3.33E-07,,
1335.763402,278.05,0.099142,9.91E-06,0.034335,3.40E-07,,
1346.346006,277.87,0.099144,9.91E-06,0.034505,3.42E-07,,
1356.946613,277.7,0.099144,9.91E-06,0.034606,3.43E-07,,
1367.544219,277.52,0.09914,9.91E-06,0.034406,3.41E-07,,
1378.186828,277.34,0.099142,9.91E-06,0.034456,3.42E-07,,
1388.806435,277.17,0.099143,9.91E-06,0.034576,3.43E-07,,
1399.420043,276.99,0.099144,9.91E-06,0.034515,3.42E-07,,
1410.05365,276.81,0.099137,9.91E-06,0.034639,3.43E-07,,
1420.636256,276.64,0.099142,9.91E-06,0.034446,3.42E-07,,
1431.262864,276.46,0.099143,9.91E-06,0.034556,3.43E-07,,
1441.834468,276.28,0.099144,9.91E-06,0.034596,3.43E-07,,
1452.452076,276.11,0.099141,9.91E-06,0.034466,3.42E-07,,
1463.035681,275.93,0.099141,9.91E-06,0.034496,3.42E-07,,
1473.635287,275.75,0.099136,9.91E-06,0.03475,3.45E-07,,
1484.207892,275.58,0.099142,9.91E-06,0.034496,3.42E-07,,
1494.8345,275.4,0.099144,9.91E-06,0.034697,3.44E-07,,
1505.392103,275.22,0.099144,9.91E-06,0.034384,3.41E-07,,
1516.006711,275.05,0.099136,9.91E-06,0.034498,3.42E-07,,
1526.579315,274.87,0.099144,9.91E-06,0.034445,3.42E-07,,
1537.192923,274.69,0.099142,9.91E-06,0.034486,3.42E-07,,
1547.785529,274.52,0.099144,9.91E-06,0.034667,3.44E-07,,
1558.435138,274.34,0.099144,9.91E-06,0.034475,3.42E-07,,
1569.047745,274.16,0.099141,9.91E-06,0.034537,3.42E-07,,
1579.663352,273.98,0.099141,9.91E-06,0.034285,3.40E-07,,
1590.265958,273.81,0.099141,9.91E-06,0.034859,3.46E-07,,
1600.850563,273.63,0.099144,9.91E-06,0.034858,3.46E-07,,
1611.46717,273.45,0.099142,9.91E-06,0.034607,3.43E-07,,
1622.055777,273.28,0.099143,9.91E-06,0.034738,3.44E-07,,
1632.688385,273.1,0.099132,9.91E-06,0.034641,3.43E-07,,
1643.26299,272.92,0.099138,9.91E-06,0.03479,3.45E-07,,
1653.886597,272.75,0.099139,9.91E-06,0.034911,3.46E-07,,
1664.473202,272.57,0.099138,9.91E-06,0.034518,3.42E-07,,
1675.078809,272.39,0.099138,9.91E-06,0.034739,3.44E-07,,
1685.671415,272.22,0.09914,9.91E-06,0.034476,3.42E-07,,
1696.310023,272.04,0.099139,9.91E-06,0.034578,3.43E-07,,
1706.889629,271.86,0.099141,9.91E-06,0.034769,3.45E-07,,
1717.510236,271.69,0.099139,9.91E-06,0.034618,3.43E-07,,
1728.06984,271.51,0.099143,9.91E-06,0.034445,3.42E-07,,
1738.696448,271.33,0.09914,9.91E-06,0.034406,3.41E-07,,
1749.278053,271.16,0.099141,9.91E-06,0.034648,3.44E-07,,
1759.88266,270.98,0.099141,9.91E-06,0.034537,3.42E-07,,
1770.467265,270.8,0.099144,9.91E-06,0.034717,3.44E-07,,
1781.069871,270.63,0.099143,9.91E-06,0.034576,3.43E-07,,
1791.662477,270.45,0.099143,9.91E-06,0.034486,3.42E-07,,
1802.266084,270.27,0.099141,9.91E-06,0.034597,3.43E-07,,
1812.838689,270.09,0.099142,9.91E-06,0.034446,3.42E-07,,
1823.465297,269.92,0.099142,9.91E-06,0.034496,3.42E-07,,
1834.053902,269.74,0.099144,9.91E-06,0.034445,3.42E-07,,
1844.669509,269.56,0.099143,9.91E-06,0.034556,3.43E-07,,
1855.257114,269.39,0.099145,9.91E-06,0.034545,3.43E-07,,
1865.869721,269.21,0.099143,9.91E-06,0.034395,3.41E-07,,
1876.454327,269.03,0.099144,9.91E-06,0.034334,3.40E-07,,
1887.053934,268.86,0.099141,9.91E-06,0.034053,3.38E-07,,
1897.65154,268.68,0.099145,9.91E-06,0.034172,3.39E-07,,
1908.257146,268.5,0.099143,9.91E-06,0.034324,3.40E-07,,
1918.841751,268.33,0.099147,9.91E-06,0.034293,3.40E-07,,
1929.456358,268.15,0.099143,9.91E-06,0.034304,3.40E-07,,
1940.054965,267.97,0.099145,9.91E-06,0.034142,3.39E-07,,
1950.657571,267.8,0.099143,9.91E-06,0.034173,3.39E-07,,
1961.228176,267.62,0.099145,9.91E-06,0.034112,3.38E-07,,
1971.854784,267.44,0.099146,9.91E-06,0.034121,3.38E-07,,
1982.44139,267.27,0.099146,9.91E-06,0.034091,3.38E-07,,
1993.042996,267.09,0.099147,9.91E-06,0.034161,3.39E-07,,
2003.629601,266.91,0.099147,9.91E-06,0.034081,3.38E-07,,
2014.256209,266.74,0.099145,9.91E-06,0.03391,3.36E-07,,
2024.841815,266.56,0.099145,9.91E-06,0.03394,3.37E-07,,
2035.465423,266.38,0.099145,9.91E-06,0.033859,3.36E-07,,
2046.057028,266.21,0.099145,9.91E-06,0.03392,3.36E-07,,
2056.665635,266.03,0.099144,9.91E-06,0.033941,3.37E-07,,
2067.256241,265.85,0.099146,9.91E-06,0.033768,3.35E-07,,
2077.858847,265.68,0.099145,9.91E-06,0.033819,3.35E-07,,
2088.445452,265.5,0.099145,9.91E-06,0.033749,3.35E-07,,
2099.045058,265.32,0.099146,9.91E-06,0.033849,3.36E-07,,
2109.643665,265.15,0.099145,9.91E-06,0.033859,3.36E-07,,
2120.255272,264.97,0.099144,9.91E-06,0.033749,3.35E-07,,
2130.816876,264.8,0.099143,9.91E-06,0.033598,3.33E-07,,
2141.443484,264.62,0.099142,9.91E-06,0.033669,3.34E-07,,
2152.03109,264.44,0.099141,9.91E-06,0.03371,3.34E-07,,
2162.642696,264.26,0.099142,9.91E-06,0.03378,3.35E-07,,
2173.217301,264.09,0.099144,9.91E-06,0.033507,3.32E-07,,
2183.831908,263.91,0.099142,9.91E-06,0.033618,3.33E-07,,
2194.402513,263.74,0.09914,9.91E-06,0.033639,3.34E-07,,
2205.01912,263.56,0.09914,9.91E-06,0.033569,3.33E-07,,
2215.616726,263.38,0.09914,9.91E-06,0.033781,3.35E-07,,
2226.232334,263.2,0.099138,9.91E-06,0.033549,3.33E-07,,
2236.781937,263.03,0.09914,9.91E-06,0.033619,3.33E-07,,
2247.419545,262.85,0.099141,9.91E-06,0.033427,3.31E-07,,
2257.98115,262.67,0.09914,9.91E-06,0.03375,3.35E-07,,
2268.617758,262.5,0.099141,9.91E-06,0.033659,3.34E-07,,
2279.168361,262.32,0.099143,9.91E-06,0.033467,3.32E-07,,
2289.793969,262.14,0.099141,9.91E-06,0.03379,3.35E-07,,
2300.357573,261.97,0.099143,9.91E-06,0.033447,3.32E-07,,
2310.97218,261.79,0.099141,9.91E-06,0.033639,3.34E-07,,
2321.559786,261.61,0.099144,9.91E-06,0.033577,3.33E-07,,
2332.174393,261.44,0.099143,9.91E-06,0.033598,3.33E-07,,
2342.746998,261.26,0.099144,9.91E-06,0.033719,3.34E-07,,
2353.360605,261.08,0.099139,9.91E-06,0.033609,3.33E-07,,
2363.966211,260.91,0.099148,9.91E-06,0.033879,3.36E-07,,
2374.573818,260.73,0.099145,9.91E-06,0.033597,3.33E-07,,
2385.158423,260.55,0.099149,9.91E-06,0.033465,3.32E-07,,
2395.76303,260.38,0.099145,9.91E-06,0.033093,3.28E-07,,
2406.349635,260.2,0.099148,9.91E-06,0.03285,3.26E-07,,
2416.979243,260.02,0.099148,9.91E-06,0.033647,3.34E-07,,
2427.545848,259.85,0.09915,9.92E-06,0.033646,3.34E-07,,
2438.163455,259.67,0.099148,9.91E-06,0.033596,3.33E-07,,
2448.721059,259.5,0.099149,9.91E-06,0.033334,3.31E-07,,
2459.334666,259.32,0.099145,9.91E-06,0.033335,3.31E-07,,
2469.90227,259.14,0.099148,9.91E-06,0.033455,3.32E-07,,
2480.535879,258.96,0.099147,9.91E-06,0.033546,3.33E-07,,
2491.085483,258.79,0.099149,9.91E-06,0.033898,3.36E-07,,
2501.72209,258.61,0.09915,9.92E-06,0.033908,3.36E-07,,
2512.335698,258.43,0.099149,9.91E-06,0.033919,3.36E-07,,
2522.936304,258.26,0.099149,9.91E-06,0.033949,3.37E-07,,
2533.549911,258.08,0.099149,9.91E-06,0.033898,3.36E-07,,
2544.149517,257.9,0.099147,9.91E-06,0.033859,3.36E-07,,
2554.749123,257.73,0.099142,9.91E-06,0.033871,3.36E-07,,
2565.334729,257.55,0.099147,9.91E-06,0.033748,3.35E-07,,
2575.961337,257.37,0.099146,9.91E-06,0.033768,3.35E-07,,
2586.522941,257.2,0.099148,9.91E-06,0.033858,3.36E-07,,
2597.137548,257.02,0.099148,9.91E-06,0.033788,3.35E-07,,
2607.737154,256.84,0.099149,9.91E-06,0.033717,3.34E-07,,
2618.350761,256.67,0.09915,9.92E-06,0.033777,3.35E-07,,
2628.951367,256.49,0.099148,9.91E-06,0.033526,3.32E-07,,
2639.561975,256.31,0.099149,9.91E-06,0.033777,3.35E-07,,
2650.186583,256.14,0.09915,9.92E-06,0.033737,3.35E-07,,
2660.788189,255.96,0.099148,9.91E-06,0.033687,3.34E-07,,
2671.390795,255.78,0.099147,9.91E-06,0.033738,3.35E-07,,
2681.985401,255.61,0.099148,9.91E-06,0.033717,3.34E-07,,
2692.593007,255.43,0.099142,9.91E-06,0.033507,3.32E-07,,
2703.165612,255.25,0.099147,9.91E-06,0.033576,3.33E-07,,
2713.79122,255.08,0.099146,9.91E-06,0.033476,3.32E-07,,
2724.365825,254.9,0.099148,9.91E-06,0.033485,3.32E-07,,
2734.982432,254.72,0.099147,9.91E-06,0.033435,3.32E-07,,
2745.574038,254.55,0.099149,9.91E-06,0.033525,3.32E-07,,
2756.182645,254.37,0.099148,9.91E-06,0.033889,3.36E-07,,
2766.76825,254.19,0.099147,9.91E-06,0.033435,3.32E-07,,
2777.378857,254.02,0.099144,9.91E-06,0.033406,3.31E-07,,
2787.970463,253.84,0.099148,9.91E-06,0.033364,3.31E-07,,
2798.57907,253.66,0.099143,9.91E-06,0.033558,3.33E-07,,
2809.152675,253.49,0.099149,9.91E-06,0.033313,3.30E-07,,
2819.767282,253.31,0.099147,9.91E-06,0.033405,3.31E-07,,
2830.352887,253.13,0.099147,9.91E-06,0.033476,3.32E-07,,
2840.955493,252.96,0.099147,9.91E-06,0.033405,3.31E-07,,
2851.540099,252.78,0.099148,9.91E-06,0.033314,3.30E-07,,
2862.165707,252.6,0.099148,9.91E-06,0.033364,3.31E-07,,
2872.767313,252.43,0.09915,9.92E-06,0.033464,3.32E-07,,
2883.37592,252.25,0.099149,9.91E-06,0.033152,3.29E-07,,
2893.975526,252.07,0.099149,9.91E-06,0.033142,3.29E-07,,
2904.571132,251.9,0.099149,9.91E-06,0.033192,3.29E-07,,
2915.172739,251.72,0.099141,9.91E-06,0.033185,3.29E-07,,
2925.755344,251.54,0.099147,9.91E-06,0.033102,3.28E-07,,
2936.372951,251.37,0.099148,9.91E-06,0.032961,3.27E-07,,
2946.955556,251.19,0.09915,9.92E-06,0.033172,3.29E-07,,
2957.572164,251.01,0.099148,9.91E-06,0.032991,3.27E-07,,
2968.156769,250.84,0.099153,9.92E-06,0.033141,3.29E-07,,
2978.755375,250.66,0.099151,9.92E-06,0.03303,3.28E-07,,
2989.353981,250.48,0.099151,9.92E-06,0.033091,3.28E-07,,
2999.969589,250.31,0.099151,9.92E-06,0.033141,3.29E-07,,
3010.528193,250.13,0.099153,9.92E-06,0.032939,3.27E-07,,
3021.1538,249.96,0.099151,9.92E-06,0.032879,3.26E-07,,
3031.728405,249.91,0.099154,9.92E-06,0.03306,3.28E-07,,
3042.354013,249.91,0.099153,9.92E-06,0.03302,3.27E-07,,
3052.955619,249.91,0.099151,9.92E-06,0.03299,3.27E-07,,
3063.570227,249.91,0.099151,9.92E-06,0.032809,3.25E-07,,
3074.174833,249.92,0.099153,9.92E-06,0.032687,3.24E-07,,
3084.758439,249.92,0.099155,9.92E-06,0.032858,3.26E-07,,
3095.374046,249.93,0.099145,9.91E-06,0.032901,3.26E-07,,
3105.95665,249.93,0.099153,9.92E-06,0.032838,3.26E-07,,
3116.576259,249.93,0.099151,9.92E-06,0.03293,3.27E-07,,
3127.156863,249.94,0.099154,9.92E-06,0.032757,3.25E-07,,
3137.75947,249.94,0.099146,9.91E-06,0.03279,3.25E-07,,
3148.344075,249.94,0.099153,9.92E-06,0.032909,3.26E-07,,
3158.970683,249.94,0.099154,9.92E-06,0.032797,3.25E-07,,
3169.557289,249.95,0.099152,9.92E-06,0.032677,3.24E-07,,
3180.172895,249.95,0.099152,9.92E-06,0.032788,3.25E-07,,
3190.7425,249.95,0.099156,9.92E-06,0.033029,3.28E-07,,
3201.356107,249.95,0.099147,9.91E-06,0.032598,3.23E-07,,
3211.957714,249.95,0.099153,9.92E-06,0.032919,3.26E-07,,
3222.56132,249.95,0.099152,9.92E-06,0.032647,3.24E-07,,
3233.145926,249.95,0.099153,9.92E-06,0.032626,3.24E-07,,
3243.758533,249.96,0.099154,9.92E-06,0.032888,3.26E-07,,
3254.346138,249.96,0.099155,9.92E-06,0.032585,3.23E-07,,
3264.945744,249.96,0.099148,9.91E-06,0.032638,3.24E-07,,
3275.53235,249.96,0.099152,9.92E-06,0.032546,3.23E-07,,
3286.158957,249.96,0.099154,9.92E-06,0.032444,3.22E-07,,
3296.719562,249.96,0.099153,9.92E-06,0.032556,3.23E-07,,
3307.335169,249.96,0.099149,9.91E-06,0.032688,3.24E-07,,
3317.946776,249.96,0.099154,9.92E-06,0.032676,3.24E-07,,
3328.558383,249.96,0.099152,9.92E-06,0.033,3.27E-07,,
3339.159989,249.96,0.099153,9.92E-06,0.032677,3.24E-07,,
3349.774596,249.96,0.099154,9.92E-06,0.032717,3.24E-07,,
3360.381203,249.96,0.099154,9.92E-06,0.032697,3.24E-07,,
3370.974809,249.97,0.099153,9.92E-06,0.032828,3.26E-07,,
3381.582415,249.97,0.099145,9.91E-06,0.032649,3.24E-07,,
3392.161021,249.97,0.099152,9.92E-06,0.032637,3.24E-07,,
3402.779628,249.97,0.099152,9.92E-06,0.032768,3.25E-07,,
3413.373234,249.97,0.099153,9.92E-06,0.032596,3.23E-07,,
3423.978841,249.97,0.099151,9.92E-06,0.032617,3.23E-07,,
3434.564445,249.97,0.099151,9.92E-06,0.032798,3.25E-07,,
3445.176053,249.97,0.09915,9.92E-06,0.032698,3.24E-07,,
3455.748658,249.97,0.099149,9.91E-06,0.032739,3.25E-07,,
3466.376266,249.97,0.099149,9.91E-06,0.032749,3.25E-07,,
3476.95187,249.97,0.099151,9.92E-06,0.032546,3.23E-07,,
3487.576478,249.97,0.09915,9.92E-06,0.032446,3.22E-07,,
3498.164084,249.97,0.099149,9.91E-06,0.032577,3.23E-07,,
3508.775691,249.97,0.099151,9.92E-06,0.032466,3.22E-07,,
3519.363296,249.97,0.099151,9.92E-06,0.032577,3.23E-07,,
3529.983903,249.97,0.09915,9.92E-06,0.032698,3.24E-07,,
3540.563509,249.97,0.099153,9.92E-06,0.032586,3.23E-07,,
3551.178116,249.97,0.09915,9.92E-06,0.032587,3.23E-07,,
3561.777722,249.97,0.099152,9.92E-06,0.032506,3.22E-07,,
3572.380329,249.98,0.099152,9.92E-06,0.032485,3.22E-07,,
3582.936932,249.98,0.099155,9.92E-06,0.032444,3.22E-07,,
3593.56554,249.98,0.099152,9.92E-06,0.032375,3.21E-07,,
3604.152146,249.98,0.099156,9.92E-06,0.032706,3.24E-07,,
3614.751752,249.98,0.099154,9.92E-06,0.032364,3.21E-07,,
3625.349359,249.98,0.099151,9.92E-06,0.032556,3.23E-07,,
3635.951965,249.98,0.099152,9.92E-06,0.032465,3.22E-07,,
3646.52357,249.98,0.099155,9.92E-06,0.032555,3.23E-07,,
3657.137177,249.98,0.099147,9.91E-06,0.032457,3.22E-07,,
3667.709781,249.98,0.099155,9.92E-06,0.032737,3.25E-07,,
3678.338389,249.98,0.099153,9.92E-06,0.032596,3.23E-07,,
3688.896993,249.98,0.099153,9.92E-06,0.032747,3.25E-07,,
3699.537601,249.98,0.099153,9.92E-06,0.032556,3.23E-07,,
3710.099205,249.98,0.099155,9.92E-06,0.032535,3.23E-07,,
3720.721814,249.98,0.099155,9.92E-06,0.032646,3.24E-07,,
3731.294418,249.98,0.099157,9.92E-06,0.032534,3.23E-07,,
3741.920026,249.98,0.099155,9.92E-06,0.032384,3.21E-07,,
3752.49263,249.98,0.099156,9.92E-06,0.032333,3.21E-07,,
3763.108238,249.98,0.099153,9.92E-06,0.032667,3.24E-07,,
3773.711844,249.98,0.099154,9.92E-06,0.032596,3.23E-07,,
3784.322451,249.98,0.099154,9.92E-06,0.032505,3.22E-07,,
3794.882055,249.98,0.099155,9.92E-06,0.032484,3.22E-07,,
3805.500662,249.98,0.099149,9.91E-06,0.032355,3.21E-07,,
3816.069266,249.98,0.099156,9.92E-06,0.032403,3.21E-07,,
3826.688874,249.98,0.099154,9.92E-06,0.032394,3.21E-07,,
3837.28348,249.98,0.099153,9.92E-06,0.032465,3.22E-07,,
3847.889087,249.98,0.099151,9.92E-06,0.032385,3.21E-07,,
3858.482693,249.98,0.099154,9.92E-06,0.032404,3.21E-07,,
3869.0973,249.98,0.099154,9.92E-06,0.032525,3.23E-07,,
3879.682906,249.98,0.099151,9.92E-06,0.032375,3.21E-07,,
3890.307513,249.98,0.099151,9.92E-06,0.032587,3.23E-07,,
3900.887118,249.98,0.099148,9.91E-06,0.032557,3.23E-07,,
3911.496725,249.98,0.099148,9.91E-06,0.032648,3.24E-07,,
3922.084331,249.98,0.099149,9.91E-06,0.032456,3.22E-07,,
3932.682937,249.98,0.099143,9.91E-06,0.032549,3.23E-07,,
3943.256542,249.99,0.099149,9.91E-06,0.032497,3.22E-07,,
3953.88415,249.99,0.099147,9.91E-06,0.032457,3.22E-07,,
3964.457755,249.99,0.09915,9.92E-06,0.032476,3.22E-07,,
3975.071361,249.99,0.099148,9.91E-06,0.032426,3.22E-07,,
3985.669967,249.99,0.09915,9.92E-06,0.032526,3.23E-07,,
3996.271574,249.99,0.099148,9.91E-06,0.032406,3.21E-07,,
4006.845179,249.99,0.09915,9.92E-06,0.032405,3.21E-07,,
4017.470787,249.99,0.099149,9.91E-06,0.032486,3.22E-07,,
4028.043391,249.99,0.099149,9.91E-06,0.032607,3.23E-07,,
4038.670999,249.99,0.099153,9.92E-06,0.032485,3.22E-07,,
4049.283606,249.99,0.099152,9.92E-06,0.032677,3.24E-07,,
4059.888212,249.99,0.099153,9.92E-06,0.032435,3.22E-07,,
4070.493819,249.99,0.099153,9.92E-06,0.032263,3.20E-07,,
4081.085425,249.99,0.099154,9.92E-06,0.032495,3.22E-07,,
4091.693031,249.99,0.099146,9.91E-06,0.032871,3.26E-07,,
4102.272637,249.99,0.099152,9.92E-06,0.032354,3.21E-07,,
4112.888244,249.99,0.099153,9.92E-06,0.032636,3.24E-07,,
4123.487851,249.99,0.099155,9.92E-06,0.032474,3.22E-07,,
4134.095457,249.99,0.099154,9.92E-06,0.032555,3.23E-07,,
4144.686062,249.99,0.099154,9.92E-06,0.032364,3.21E-07,,
4155.29467,249.99,0.099151,9.92E-06,0.032375,3.21E-07,,
4165.860274,249.99,0.099156,9.92E-06,0.032484,3.22E-07,,
4176.487882,249.99,0.099155,9.92E-06,0.032595,3.23E-07,,
4187.060486,249.99,0.099156,9.92E-06,0.032414,3.21E-07,,
4197.673094,249.99,0.099149,9.91E-06,0.032577,3.23E-07,,
4208.2737,249.99,0.099157,9.92E-06,0.032575,3.23E-07,,
4218.886306,249.99,0.099156,9.92E-06,0.032525,3.23E-07,,
4229.473912,249.99,0.099156,9.92E-06,0.032514,3.22E-07,,
4240.09852,249.99,0.099153,9.92E-06,0.032455,3.22E-07,,
4250.690125,249.99,0.099155,9.92E-06,0.032525,3.23E-07,,
4261.292732,249.99,0.099154,9.92E-06,0.032566,3.23E-07,,
4271.888339,249.99,0.099155,9.92E-06,0.032454,3.22E-07,,
4282.488945,249.99,0.099155,9.92E-06,0.032545,3.23E-07,,
4293.07455,249.99,0.099154,9.92E-06,0.032555,3.23E-07,,
4303.689157,249.99,0.099148,9.91E-06,0.032366,3.21E-07,,
4314.261762,249.99,0.099154,9.92E-06,0.032374,3.21E-07,,
4324.875369,249.99,0.099152,9.92E-06,0.032243,3.20E-07,,
4335.474975,249.99,0.099153,9.92E-06,0.032394,3.21E-07,,
4346.088583,249.99,0.099152,9.92E-06,0.032435,3.22E-07,,
4356.694189,249.99,0.099152,9.92E-06,0.032596,3.23E-07,,
4367.295795,249.99,0.099151,9.92E-06,0.032556,3.23E-07,,
4377.900402,249.99,0.099149,9.91E-06,0.032537,3.23E-07,,
4388.492007,249.99,0.099149,9.91E-06,0.032557,3.23E-07,,
4399.090614,249.99,0.099142,9.91E-06,0.032469,3.22E-07,,
4409.676219,249.99,0.099148,9.91E-06,0.032638,3.24E-07,,
4420.294827,249.99,0.099146,9.91E-06,0.032528,3.23E-07,,
4430.878432,249.99,0.09915,9.92E-06,0.032617,3.23E-07,,
4441.492039,249.99,0.099147,9.91E-06,0.032366,3.21E-07,,
4452.088645,249.99,0.099146,9.91E-06,0.032548,3.23E-07,,
4462.694252,249.99,0.099145,9.91E-06,0.032518,3.22E-07,,
4473.264856,249.99,0.099149,9.91E-06,0.032234,3.20E-07,,
4483.899465,249.99,0.099145,9.91E-06,0.032518,3.22E-07,,
4494.492071,249.99,0.09915,9.92E-06,0.032385,3.21E-07,,
4505.109678,249.99,0.099146,9.91E-06,0.032457,3.22E-07,,
4515.693283,249.99,0.099149,9.91E-06,0.032456,3.22E-07,,
4526.317891,249.99,0.099146,9.91E-06,0.032619,3.23E-07,,
4536.898496,249.99,0.099149,9.91E-06,0.032527,3.23E-07,,
4547.533104,249.99,0.09915,9.92E-06,0.032557,3.23E-07,,
4558.109709,249.99,0.09915,9.92E-06,0.032365,3.21E-07,,
4568.731317,249.99,0.09915,9.92E-06,0.032557,3.23E-07,,
4579.310922,249.99,0.099152,9.92E-06,0.032445,3.22E-07,,
4589.930529,249.99,0.099152,9.92E-06,0.032647,3.24E-07,,
4600.551137,249.99,0.099149,9.91E-06,0.032305,3.20E-07,,
4611.151743,249.99,0.099148,9.91E-06,0.032658,3.24E-07,,
4621.76535,249.99,0.099152,9.92E-06,0.032385,3.21E-07,,
4632.352956,249.99,0.099152,9.92E-06,0.032294,3.20E-07,,
4642.954562,249.99,0.099144,9.91E-06,0.032539,3.23E-07,,
4653.535167,249.99,0.099154,9.92E-06,0.032404,3.21E-07,,
4664.155775,249.99,0.099151,9.92E-06,0.032516,3.22E-07,,
4674.73538,249.99,0.099154,9.92E-06,0.032606,3.23E-07,,
4685.352987,249.99,0.099151,9.92E-06,0.032486,3.22E-07,,
4695.951593,249.99,0.099153,9.92E-06,0.032485,3.22E-07,,
4706.5562,249.99,0.099153,9.92E-06,0.032606,3.23E-07,,
4717.140805,249.99,0.099153,9.92E-06,0.032344,3.21E-07,,
4727.755412,249.99,0.099151,9.92E-06,0.032526,3.23E-07,,
4738.341018,249.99,0.099153,9.92E-06,0.032334,3.21E-07,,
4748.954625,249.99,0.099151,9.92E-06,0.032577,3.23E-07,,
4759.520229,249.99,0.099153,9.92E-06,0.032384,3.21E-07,,
4770.152838,249.99,0.099153,9.92E-06,0.032445,3.22E-07,,
4780.754444,249.99,0.09915,9.92E-06,0.032567,3.23E-07,,
4791.369051,249.99,0.099153,9.92E-06,0.032505,3.22E-07,,
4801.999659,249.99,0.099153,9.92E-06,0.032495,3.22E-07,,
4812.596265,249.99,0.099152,9.92E-06,0.032506,3.22E-07,,
4823.196871,249.99,0.099145,9.91E-06,0.032447,3.22E-07,,
4833.782477,250,0.099153,9.92E-06,0.032475,3.22E-07,,
4844.383083,250,0.099146,9.91E-06,0.032306,3.20E-07,,
4854.955688,250,0.099154,9.92E-06,0.032444,3.22E-07,,
4865.582295,250,0.099152,9.92E-06,0.032506,3.22E-07,,
4876.170901,250,0.099153,9.92E-06,0.032334,3.21E-07,,
4886.770507,250,0.099149,9.91E-06,0.032355,3.21E-07,,
4897.343112,250,0.099152,9.92E-06,0.032627,3.24E-07,,
4907.97072,250,0.09915,9.92E-06,0.032325,3.21E-07,,
4918.556325,250,0.099151,9.92E-06,0.032627,3.24E-07,,
4929.157932,250,0.099151,9.92E-06,0.032425,3.22E-07,,
4939.745538,250,0.099147,9.91E-06,0.032396,3.21E-07,,
4950.358145,250,0.099148,9.91E-06,0.032325,3.21E-07,,
4960.93375,250,0.099148,9.91E-06,0.032537,3.23E-07,,
4971.541356,250,0.099147,9.91E-06,0.032447,3.22E-07,,
4982.130961,250,0.099147,9.91E-06,0.032568,3.23E-07,,
4992.733568,250,0.099148,9.91E-06,0.032527,3.23E-07,,
5003.328175,250,0.09915,9.92E-06,0.032456,3.22E-07,,
5013.933781,250,0.099148,9.91E-06,0.032325,3.21E-07,,
5024.516387,250,0.099152,9.92E-06,0.032506,3.22E-07,,
5035.114992,250,0.099149,9.91E-06,0.032486,3.22E-07,,
5045.685597,250,0.099151,9.92E-06,0.032264,3.20E-07,,
5056.313205,250,0.099151,9.92E-06,0.032688,3.24E-07,,
5066.901811,250,0.099155,9.92E-06,0.032646,3.24E-07,,
5077.506417,250,0.099152,9.92E-06,0.032546,3.23E-07,,
5088.100023,250,0.099153,9.92E-06,0.032445,3.22E-07,,
5098.70663,250,0.09915,9.92E-06,0.032466,3.22E-07,,
5109.275234,250,0.099153,9.92E-06,0.032465,3.22E-07,,
5119.900842,250,0.099152,9.92E-06,0.032344,3.21E-07,,
5130.487447,250,0.099155,9.92E-06,0.03308,3.28E-07,,
5141.087054,250,0.09915,9.92E-06,0.032466,3.22E-07,,
5151.660658,250,0.099153,9.92E-06,0.032495,3.22E-07,,
5162.287266,250,0.099152,9.92E-06,0.032395,3.21E-07,,
5172.858871,250,0.099152,9.92E-06,0.032475,3.22E-07,,
5183.487478,250,0.099152,9.92E-06,0.032415,3.21E-07,,
5194.045083,250,0.099153,9.92E-06,0.032878,3.26E-07,,
5204.67469,250,0.099154,9.92E-06,0.032485,3.22E-07,,
5215.288298,250,0.099156,9.92E-06,0.032605,3.23E-07,,
5225.898905,250,0.099155,9.92E-06,0.032374,3.21E-07,,
5236.530513,250,0.099147,9.91E-06,0.032467,3.22E-07,,
5247.103117,250,0.099153,9.92E-06,0.032404,3.21E-07,,
5257.724725,250,0.099153,9.92E-06,0.032536,3.23E-07,,
5268.303329,250,0.099156,9.92E-06,0.032635,3.24E-07,,
5278.916937,250,0.099156,9.92E-06,0.032424,3.22E-07,,
5289.503542,250,0.099152,9.92E-06,0.032354,3.21E-07,,
5300.12715,250,0.099153,9.92E-06,0.032485,3.22E-07,,
5310.701755,250,0.099156,9.92E-06,0.032646,3.24E-07,,
5321.329362,250,0.099153,9.92E-06,0.032354,3.21E-07,,
5331.916968,250,0.099156,9.92E-06,0.032373,3.21E-07,,
5342.519575,250,0.099153,9.92E-06,0.032495,3.22E-07,,
5353.10418,250,0.099153,9.92E-06,0.032404,3.21E-07,,
5363.714787,250,0.099153,9.92E-06,0.032374,3.21E-07,,
5374.304393,250,0.099153,9.92E-06,0.032455,3.22E-07,,
5384.904999,250,0.099151,9.92E-06,0.032476,3.22E-07,,
5395.504606,250,0.099154,9.92E-06,0.032455,3.22E-07,,
5406.109212,250,0.099149,9.91E-06,0.032537,3.23E-07,,
5416.702817,250,0.099153,9.92E-06,0.032667,3.24E-07,,
5427.305424,250,0.09915,9.92E-06,0.032526,3.23E-07,,
5437.90503,250,0.099153,9.92E-06,0.032525,3.23E-07,,
5448.506637,250,0.099151,9.92E-06,0.032456,3.22E-07,,
5459.105243,250,0.099153,9.92E-06,0.032515,3.22E-07,,
5469.70985,250,0.099153,9.92E-06,0.032566,3.23E-07,,
5480.323457,250,0.09915,9.92E-06,0.032446,3.22E-07,,
5490.926063,250,0.09915,9.92E-06,0.032426,3.22E-07,,
5501.52867,250,0.099151,9.92E-06,0.032476,3.22E-07,,
5512.115275,250,0.099149,9.91E-06,0.032446,3.22E-07,,
5522.727882,250,0.099143,9.91E-06,0.032438,3.22E-07,,
5533.307487,250,0.099149,9.91E-06,0.032507,3.22E-07,,
5543.928094,250,0.099147,9.91E-06,0.032306,3.20E-07,,
5554.492699,250,0.099151,9.92E-06,0.032456,3.22E-07,,
5565.107306,250,0.099148,9.91E-06,0.032467,3.22E-07,,
5575.694911,250,0.099149,9.91E-06,0.032557,3.23E-07,,
5586.307518,250,0.099148,9.91E-06,0.032598,3.23E-07,,
5596.868123,250,0.099149,9.91E-06,0.032668,3.24E-07,,
5607.48073,250,0.099147,9.91E-06,0.032507,3.22E-07,,
5618.068335,250,0.09915,9.92E-06,0.032395,3.21E-07,,
5628.693943,250,0.099152,9.92E-06,0.032516,3.22E-07,,
5639.294549,250,0.099151,9.92E-06,0.032476,3.22E-07,,
5649.895156,250,0.099152,9.92E-06,0.032334,3.21E-07,,
5660.522763,250,0.099152,9.92E-06,0.032576,3.23E-07,,
5671.13537,250,0.099151,9.92E-06,0.032335,3.21E-07,,
5681.769979,250,0.099146,9.91E-06,0.032538,3.23E-07,,
5692.345584,250,0.099151,9.92E-06,0.032385,3.21E-07,,
5702.967191,250,0.099149,9.91E-06,0.032315,3.20E-07,,
5713.550797,250,0.099152,9.92E-06,0.032375,3.21E-07,,
5724.155403,250,0.09915,9.92E-06,0.032516,3.22E-07,,
5734.731008,250,0.099152,9.92E-06,0.032435,3.22E-07,,
5745.350615,250,0.099152,9.92E-06,0.032334,3.21E-07,,
5755.91822,250,0.099156,9.92E-06,0.032333,3.21E-07,,
5766.539827,250,0.099154,9.92E-06,0.032535,3.23E-07,,
5777.124433,250,0.099153,9.92E-06,0.032505,3.22E-07,,
5787.730039,250,0.099151,9.92E-06,0.032375,3.21E-07,,
5798.334646,250,0.099156,9.92E-06,0.032525,3.23E-07,,
5808.937252,250,0.099153,9.92E-06,0.032576,3.23E-07,,
5819.525858,250,0.099155,9.92E-06,0.032505,3.22E-07,,
5830.158466,250,0.099153,9.92E-06,0.032404,3.21E-07,,
5840.738071,250,0.099155,9.92E-06,0.032484,3.22E-07,,
5851.351678,250,0.099154,9.92E-06,0.032626,3.24E-07,,
5861.949284,250,0.099155,9.92E-06,0.032394,3.21E-07,,
5872.555891,250,0.099153,9.92E-06,0.032435,3.22E-07,,
5883.130496,250,0.099154,9.92E-06,0.032485,3.22E-07,,
5893.745103,250,0.099152,9.92E-06,0.032526,3.23E-07,,
5904.325708,250,0.099155,9.92E-06,0.032414,3.21E-07,,
5914.930315,250,0.099153,9.92E-06,0.032364,3.21E-07,,
5925.528921,250,0.099152,9.92E-06,0.032375,3.21E-07,,
5936.16853,250,0.099154,9.92E-06,0.033261,3.30E-07,,
5946.769136,250,0.099153,9.92E-06,0.032475,3.22E-07,,
5957.382743,250,0.099152,9.92E-06,0.032475,3.22E-07,,
5968.018351,250,0.099146,9.91E-06,0.032477,3.22E-07,,
5978.597956,250,0.09915,9.92E-06,0.032426,3.22E-07,,
5989.216564,250,0.099149,9.91E-06,0.032426,3.22E-07,,
5999.81117,250,0.099152,9.92E-06,0.032344,3.21E-07,,
6010.428777,250,0.099149,9.91E-06,0.032416,3.21E-07,,
6021.034383,250,0.099148,9.91E-06,0.032295,3.20E-07,,
6031.64499,250,0.099146,9.91E-06,0.032477,3.22E-07,,
6042.247597,250,0.099148,9.91E-06,0.032457,3.22E-07,,
6052.832202,250,0.099148,9.91E-06,0.032507,3.22E-07,,
6063.44381,250,0.099139,9.91E-06,0.032419,3.21E-07,,
6074.021414,250,0.099146,9.91E-06,0.032487,3.22E-07,,
6084.646022,250,0.099147,9.91E-06,0.032467,3.22E-07,,
6095.239628,250,0.099149,9.91E-06,0.032254,3.20E-07,,
6105.832233,250,0.09914,9.91E-06,0.032469,3.22E-07,,
6116.414839,250,0.099149,9.91E-06,0.032446,3.22E-07,,
6127.030447,250,0.099149,9.91E-06,0.03285,3.26E-07,,
6137.621052,250,0.09915,9.92E-06,0.032476,3.22E-07,,
6148.229659,250,0.099148,9.91E-06,0.032295,3.20E-07,,
6158.815264,250,0.099149,9.91E-06,0.032527,3.23E-07,,
6169.41987,250,0.099147,9.91E-06,0.032437,3.22E-07,,
6180.002476,250,0.099151,9.92E-06,0.032617,3.23E-07,,
6190.615083,250,0.099152,9.92E-06,0.032435,3.22E-07,,
6201.21569,250,0.099152,9.92E-06,0.032475,3.22E-07,,
6211.826296,250,0.099154,9.92E-06,0.032485,3.22E-07,,
6222.426902,250,0.099153,9.92E-06,0.032294,3.20E-07,,
6233.016508,250,0.099151,9.92E-06,0.032405,3.21E-07,,
6243.630115,250,0.099146,9.91E-06,0.032518,3.22E-07,,
6254.20372,250,0.099155,9.92E-06,0.032162,3.19E-07,,
6264.824327,250,0.099153,9.92E-06,0.032546,3.23E-07,,
6275.402933,250,0.099154,9.92E-06,0.032313,3.20E-07,,
6286.02254,250,0.099153,9.92E-06,0.032636,3.24E-07,,
6296.606146,250,0.099157,9.92E-06,0.032353,3.21E-07,,
6307.205752,250,0.099152,9.92E-06,0.032496,3.22E-07,,
6317.820359,250.07,0.099156,9.92E-06,0.032424,3.22E-07,,
6328.419965,250.23,0.099148,9.91E-06,0.032729,3.25E-07,,
6338.992569,250.41,0.099155,9.92E-06,0.032414,3.21E-07,,
6349.623178,250.59,0.099157,9.92E-06,0.032534,3.23E-07,,
6360.241785,250.77,0.099156,9.92E-06,0.032424,3.22E-07,,
6370.852392,250.95,0.099157,9.92E-06,0.032554,3.23E-07,,
6381.458998,251.13,0.099156,9.92E-06,0.032424,3.22E-07,,
6392.060605,251.31,0.099155,9.92E-06,0.032454,3.22E-07,,
6402.707213,251.49,0.099156,9.92E-06,0.032535,3.23E-07,,
6413.327822,251.67,0.099156,9.92E-06,0.032424,3.22E-07,,
6423.949429,251.85,0.099157,9.92E-06,0.032484,3.22E-07,,
6434.558036,252.03,0.099143,9.91E-06,0.032347,3.21E-07,,
6445.146642,252.21,0.099155,9.92E-06,0.032535,3.23E-07,,
6455.759249,252.39,0.099144,9.91E-06,0.032478,3.22E-07,,
6466.340854,252.56,0.099158,9.92E-06,0.032494,3.22E-07,,
6476.957461,252.74,0.099153,9.92E-06,0.032556,3.23E-07,,
6487.563067,252.92,0.099154,9.92E-06,0.032535,3.23E-07,,
6498.177674,253.1,0.099154,9.92E-06,0.032485,3.22E-07,,
6508.731278,253.28,0.099155,9.92E-06,0.032797,3.25E-07,,
6519.377887,253.45,0.099157,9.92E-06,0.032575,3.23E-07,,
6530.021496,253.63,0.099155,9.92E-06,0.032676,3.24E-07,,
6540.634103,253.81,0.099156,9.92E-06,0.032595,3.23E-07,,
6551.282712,253.99,0.099149,9.91E-06,0.032607,3.23E-07,,
6561.867318,254.16,0.099155,9.92E-06,0.032585,3.23E-07,,
6572.509926,254.34,0.099157,9.92E-06,0.032786,3.25E-07,,
6583.127533,254.52,0.099156,9.92E-06,0.032605,3.23E-07,,
6593.741141,254.7,0.099155,9.92E-06,0.032757,3.25E-07,,
6604.355748,254.88,0.09915,9.92E-06,0.032718,3.24E-07,,
6614.926352,255.05,0.099154,9.92E-06,0.032787,3.25E-07,,
6625.538959,255.23,0.099146,9.91E-06,0.03283,3.26E-07,,
6636.125565,255.41,0.099154,9.92E-06,0.032777,3.25E-07,,
6646.782175,255.58,0.099154,9.92E-06,0.032707,3.24E-07,,
6657.425783,255.76,0.099137,9.91E-06,0.032632,3.24E-07,,
6668.03139,255.94,0.099152,9.92E-06,0.032788,3.25E-07,,
6678.670999,256.12,0.099154,9.92E-06,0.032676,3.24E-07,,
6689.283606,256.3,0.099154,9.92E-06,0.032767,3.25E-07,,
6699.898212,256.47,0.099154,9.92E-06,0.032747,3.25E-07,,
6710.512819,256.65,0.099154,9.92E-06,0.032818,3.25E-07,,
6721.110425,256.83,0.099156,9.92E-06,0.032847,3.26E-07,,
6731.727033,257.01,0.099148,9.91E-06,0.032779,3.25E-07,,
6742.312638,257.18,0.099155,9.92E-06,0.032737,3.25E-07,,
6752.972248,257.36,0.099157,9.92E-06,0.032817,3.25E-07,,
6763.623857,257.54,0.099157,9.92E-06,0.032776,3.25E-07,,
6774.213463,257.71,0.099158,9.92E-06,0.033129,3.29E-07,,
6784.82707,257.89,0.09915,9.92E-06,0.033011,3.27E-07,,
6795.413675,258.07,0.099158,9.92E-06,0.032867,3.26E-07,,
6806.058284,258.25,0.099157,9.92E-06,0.033109,3.28E-07,,
6816.700893,258.42,0.099159,9.92E-06,0.032937,3.27E-07,,
6827.299499,258.6,0.099159,9.92E-06,0.033038,3.28E-07,,
6837.912107,258.78,0.099151,9.92E-06,0.032748,3.25E-07,,
6848.501712,258.96,0.099156,9.92E-06,0.032938,3.27E-07,,
6859.140321,259.13,0.099155,9.92E-06,0.033049,3.28E-07,,
6869.725925,259.31,0.099158,9.92E-06,0.033028,3.28E-07,,
6880.343534,259.49,0.099156,9.92E-06,0.033109,3.28E-07,,
6890.986142,259.66,0.099159,9.92E-06,0.033078,3.28E-07,,
6901.614749,259.84,0.099159,9.92E-06,0.03332,3.30E-07,,
6912.241358,260.02,0.099157,9.92E-06,0.03316,3.29E-07,,
6922.834964,260.2,0.099156,9.92E-06,0.033261,3.30E-07,,
6933.470572,260.37,0.099158,9.92E-06,0.03326,3.30E-07,,
6944.086179,260.55,0.099156,9.92E-06,0.033079,3.28E-07,,
6954.728788,260.73,0.099157,9.92E-06,0.03316,3.29E-07,,
6965.385397,260.91,0.099156,9.92E-06,0.03322,3.29E-07,,
6976.016006,261.09,0.09916,9.92E-06,0.033159,3.29E-07,,
6986.615612,261.26,0.099155,9.92E-06,0.033261,3.30E-07,,
6997.236219,261.44,0.099156,9.92E-06,0.03323,3.30E-07,,
7007.837826,261.62,0.099155,9.92E-06,0.033342,3.31E-07,,
7018.461433,261.79,0.099144,9.91E-06,0.033164,3.29E-07,,
7029.044038,261.97,0.099153,9.92E-06,0.032394,3.21E-07,,
7039.687647,262.15,0.099154,9.92E-06,0.033443,3.32E-07,,
7050.306254,262.33,0.099154,9.92E-06,0.033483,3.32E-07,,
7060.934863,262.5,0.099157,9.92E-06,0.033331,3.31E-07,,
7071.570471,262.68,0.099148,9.91E-06,0.033284,3.30E-07,,
7082.139075,262.86,0.099156,9.92E-06,0.033321,3.30E-07,,
7092.753683,263.03,0.099145,9.91E-06,0.033305,3.30E-07,,
7103.332287,263.21,0.099154,9.92E-06,0.033443,3.32E-07,,
7113.931894,263.39,0.099154,9.92E-06,0.033544,3.33E-07,,
7124.5315,263.57,0.099153,9.92E-06,0.033494,3.32E-07,,
7135.149107,263.74,0.099156,9.92E-06,0.033422,3.31E-07,,
7145.753714,263.92,0.099157,9.92E-06,0.033583,3.33E-07,,
7156.365321,264.1,0.099155,9.92E-06,0.033493,3.32E-07,,
7167.00393,264.27,0.099142,9.91E-06,0.033629,3.33E-07,,
7177.617537,264.45,0.099156,9.92E-06,0.033513,3.32E-07,,
7188.245144,264.63,0.099156,9.92E-06,0.033664,3.34E-07,,
7198.906754,264.8,0.099139,9.91E-06,0.033549,3.33E-07,,
7209.533361,264.98,0.099155,9.92E-06,0.033604,3.33E-07,,
7220.157969,265.16,0.099158,9.92E-06,0.033603,3.33E-07,,
7230.775577,265.34,0.099158,9.92E-06,0.033744,3.35E-07,,
7241.405185,265.51,0.099158,9.92E-06,0.033694,3.34E-07,,
7252.006791,265.69,0.099156,9.92E-06,0.033704,3.34E-07,,
7262.608397,265.87,0.099157,9.92E-06,0.033502,3.32E-07,,
7273.207004,266.05,0.099145,9.91E-06,0.033617,3.33E-07,,
7283.805611,266.22,0.099157,9.92E-06,0.033835,3.36E-07,,
7294.408217,266.4,0.099156,9.92E-06,0.034007,3.37E-07,,
7305.006823,266.58,0.099155,9.92E-06,0.033826,3.35E-07,,
7315.642431,266.75,0.099154,9.92E-06,0.033937,3.37E-07,,
7326.276039,266.93,0.099158,9.92E-06,0.033825,3.35E-07,,
7336.863645,267.11,0.099154,9.92E-06,0.034028,3.37E-07,,
7347.493253,267.28,0.099155,9.92E-06,0.033806,3.35E-07,,
7358.10886,267.46,0.099155,9.92E-06,0.033907,3.36E-07,,
7368.738468,267.64,0.099148,9.91E-06,0.03408,3.38E-07,,
7379.323074,267.82,0.099155,9.92E-06,0.034017,3.37E-07,,
7389.945681,267.99,0.099155,9.92E-06,0.033917,3.36E-07,,
7400.551287,268.17,0.099157,9.92E-06,0.033966,3.37E-07,,
7411.173895,268.35,0.099153,9.92E-06,0.034139,3.39E-07,,
7421.768501,268.52,0.099155,9.92E-06,0.033896,3.36E-07,,
7432.394109,268.7,0.099154,9.92E-06,0.034098,3.38E-07,,
7443.022717,268.88,0.09914,9.91E-06,0.034053,3.38E-07,,
7453.640324,269.05,0.099152,9.92E-06,0.034029,3.37E-07,,
7464.255931,269.23,0.099154,9.92E-06,0.034209,3.39E-07,,
7474.839537,269.41,0.099155,9.92E-06,0.033997,3.37E-07,,
7485.474145,269.59,0.099152,9.92E-06,0.03419,3.39E-07,,
7496.095752,269.76,0.099154,9.92E-06,0.03427,3.40E-07,,
7506.709359,269.94,0.099154,9.92E-06,0.03423,3.39E-07,,
7517.336967,270.12,0.099139,9.91E-06,0.034285,3.40E-07,,
7527.936574,270.29,0.099152,9.92E-06,0.03422,3.39E-07,,
7538.54818,270.47,0.099145,9.91E-06,0.034374,3.41E-07,,
7549.138786,270.65,0.099152,9.92E-06,0.034472,3.42E-07,,
7559.750393,270.82,0.09915,9.92E-06,0.034402,3.41E-07,,
7570.325998,271,0.099152,9.92E-06,0.034301,3.40E-07,,
7580.960607,271.18,0.099151,9.92E-06,0.034422,3.41E-07,,
7591.596214,271.35,0.099154,9.92E-06,0.034512,3.42E-07,,
7602.212821,271.53,0.099154,9.92E-06,0.034653,3.44E-07,,
7612.865431,271.71,0.099152,9.92E-06,0.034321,3.40E-07,,
7623.484038,271.89,0.099155,9.92E-06,0.034512,3.42E-07,,
7634.098646,272.06,0.099153,9.92E-06,0.034522,3.42E-07,,
7644.742254,272.24,0.099142,9.91E-06,0.034456,3.42E-07,,
7655.32586,272.42,0.099151,9.92E-06,0.034664,3.44E-07,,
7665.968468,272.59,0.099154,9.92E-06,0.034421,3.41E-07,,
7676.582075,272.77,0.099152,9.92E-06,0.034644,3.44E-07,,
7687.225684,272.95,0.099152,9.92E-06,0.034563,3.43E-07,,
7697.838291,273.13,0.099146,9.91E-06,0.034182,3.39E-07,,
7708.411896,273.3,0.099154,9.92E-06,0.03432,3.40E-07,,
7719.041504,273.48,0.099154,9.92E-06,0.034542,3.43E-07,,
7729.646111,273.66,0.099155,9.92E-06,0.034602,3.43E-07,,
7740.259717,273.83,0.099154,9.92E-06,0.034825,3.45E-07,,
7750.914327,274.01,0.099146,9.91E-06,0.034515,3.42E-07,,
7761.498933,274.19,0.099154,9.92E-06,0.034653,3.44E-07,,
7772.141541,274.37,0.099156,9.92E-06,0.034814,3.45E-07,,
7782.774149,274.54,0.099154,9.92E-06,0.034804,3.45E-07,,
7793.396757,274.72,0.099152,9.92E-06,0.034916,3.46E-07,,
7804.039366,274.9,0.099153,9.92E-06,0.035007,3.47E-07,,
7814.661973,275.07,0.099156,9.92E-06,0.034733,3.44E-07,,
7825.279581,275.25,0.099153,9.92E-06,0.034694,3.44E-07,,
7835.899188,275.43,0.099154,9.92E-06,0.034936,3.46E-07,,
7846.499794,275.6,0.099155,9.92E-06,0.034814,3.45E-07,,
7857.153404,275.78,0.09915,9.92E-06,0.035018,3.47E-07,,
7867.716008,275.96,0.099152,9.92E-06,0.034845,3.46E-07,,
7878.356616,276.14,0.099151,9.92E-06,0.034947,3.47E-07,,
7888.981224,276.31,0.099154,9.92E-06,0.034936,3.46E-07,,
7899.603831,276.49,0.099152,9.92E-06,0.034856,3.46E-07,,
7910.228439,276.67,0.099143,9.91E-06,0.034859,3.46E-07,,
7920.816045,276.85,0.099152,9.92E-06,0.035108,3.48E-07,,
7931.443653,277.02,0.099151,9.92E-06,0.035088,3.48E-07,,
7942.029258,277.2,0.099152,9.92E-06,0.035178,3.49E-07,,
7952.676867,277.38,0.099151,9.92E-06,0.035017,3.47E-07,,
7963.316476,277.55,0.099151,9.92E-06,0.035138,3.48E-07,,
7973.930082,277.73,0.099154,9.92E-06,0.034915,3.46E-07,,
7984.531689,277.91,0.09915,9.92E-06,0.035149,3.49E-07,,
7995.131295,278.08,0.09915,9.92E-06,0.035139,3.48E-07,,
8005.745903,278.26,0.09915,9.92E-06,0.035189,3.49E-07,,
8016.345509,278.44,0.099151,9.92E-06,0.035179,3.49E-07,,
8026.988118,278.62,0.099149,9.91E-06,0.03527,3.50E-07,,
8037.583724,278.79,0.09915,9.92E-06,0.035209,3.49E-07,,
8048.215332,278.97,0.099146,9.91E-06,0.03517,3.49E-07,,
8058.817938,279.15,0.099151,9.92E-06,0.035219,3.49E-07,,
8069.445547,279.32,0.09915,9.92E-06,0.035169,3.49E-07,,
8080.054153,279.5,0.099149,9.91E-06,0.0352,3.49E-07,,
8090.676761,279.68,0.09915,9.92E-06,0.035159,3.49E-07,,
8101.287367,279.85,0.099133,9.91E-06,0.035417,3.51E-07,,
8111.903975,280.03,0.099149,9.91E-06,0.034887,3.46E-07,,
8122.530582,280.21,0.099139,9.91E-06,0.035718,3.54E-07,,
8133.14719,280.38,0.099147,9.91E-06,0.035362,3.51E-07,,
8143.747796,280.56,0.099148,9.91E-06,0.035412,3.51E-07,,
8154.354403,280.74,0.099148,9.91E-06,0.035392,3.51E-07,,
8164.961009,280.91,0.099147,9.91E-06,0.035432,3.51E-07,,
8175.575616,281.09,0.099145,9.91E-06,0.035604,3.53E-07,,
8186.161222,281.27,0.099146,9.91E-06,0.035493,3.52E-07,,
8196.78183,281.44,0.099136,9.91E-06,0.035547,3.52E-07,,
8207.366435,281.62,0.099146,9.91E-06,0.035564,3.53E-07,,
8218.018044,281.8,0.099146,9.91E-06,0.035705,3.54E-07,,
8228.648652,281.98,0.099148,9.91E-06,0.035432,3.51E-07,,
8239.251258,282.15,0.099147,9.91E-06,0.035422,3.51E-07,,
8249.849865,282.33,0.099147,9.91E-06,0.035584,3.53E-07,,
8260.449471,282.51,0.099148,9.91E-06,0.035714,3.54E-07,,
8271.084079,282.68,0.099148,9.91E-06,0.035563,3.53E-07,,
8281.721687,282.86,0.099149,9.91E-06,0.035593,3.53E-07,,
8292.334294,283.04,0.099148,9.91E-06,0.035704,3.54E-07,,
8302.974903,283.22,0.099141,9.91E-06,0.035616,3.53E-07,,
8313.552508,283.39,0.099151,9.92E-06,0.035854,3.56E-07,,
8324.150115,283.57,0.099149,9.91E-06,0.035583,3.53E-07,,
8334.749721,283.75,0.099152,9.92E-06,0.035743,3.54E-07,,
8345.386329,283.92,0.099148,9.91E-06,0.035745,3.54E-07,,
8355.950933,284.1,0.099149,9.91E-06,0.035734,3.54E-07,,
8366.55854,284.28,0.099142,9.91E-06,0.035636,3.53E-07,,
8377.150146,284.45,0.099151,9.92E-06,0.035612,3.53E-07,,
8387.751752,284.63,0.099148,9.91E-06,0.035765,3.55E-07,,
8398.322357,284.81,0.09915,9.92E-06,0.035794,3.55E-07,,
8408.952965,284.98,0.09915,9.92E-06,0.035855,3.56E-07,,
8419.536571,285.16,0.09915,9.92E-06,0.035835,3.55E-07,,
8430.139177,285.34,0.09915,9.92E-06,0.035673,3.54E-07,,
8440.757784,285.51,0.099149,9.91E-06,0.035885,3.56E-07,,
8451.392392,285.69,0.099149,9.91E-06,0.035855,3.56E-07,,
8462.009999,285.87,0.099148,9.91E-06,0.035855,3.56E-07,,
8472.638607,286.04,0.099149,9.91E-06,0.035714,3.54E-07,,
8483.258214,286.22,0.099147,9.91E-06,0.035846,3.55E-07,,
8493.860822,286.4,0.099148,9.91E-06,0.035755,3.55E-07,,
8504.466428,286.57,0.09915,9.92E-06,0.035703,3.54E-07,,
8515.067034,286.75,0.099146,9.91E-06,0.035957,3.57E-07,,
8525.670641,286.93,0.099151,9.92E-06,0.035996,3.57E-07,,
8536.283247,287.1,0.099139,9.91E-06,0.03595,3.56E-07,,
8546.862853,287.28,0.099147,9.91E-06,0.035856,3.56E-07,,
8557.494461,287.46,0.099147,9.91E-06,0.035856,3.56E-07,,
8568.112068,287.63,0.099146,9.91E-06,0.035644,3.53E-07,,
8578.739676,287.81,0.099145,9.91E-06,0.035756,3.55E-07,,
8589.378285,287.99,0.099144,9.91E-06,0.035665,3.54E-07,,
8599.95389,288.17,0.099145,9.91E-06,0.036038,3.57E-07,,
8610.582498,288.34,0.099143,9.91E-06,0.035968,3.57E-07,,
8621.168102,288.52,0.099146,9.91E-06,0.035816,3.55E-07,,
8631.78371,288.7,0.099143,9.91E-06,0.035847,3.55E-07,,
8642.355314,288.87,0.099142,9.91E-06,0.03609,3.58E-07,,
8652.961921,289.05,0.099143,9.91E-06,0.035736,3.54E-07,,
8663.61153,289.23,0.099143,9.91E-06,0.036039,3.57E-07,,
8674.227138,289.4,0.099146,9.91E-06,0.035826,3.55E-07,,
8684.854746,289.58,0.099143,9.91E-06,0.035958,3.57E-07,,
8695.490354,289.76,0.099144,9.91E-06,0.035847,3.55E-07,,
8706.09496,289.93,0.099143,9.91E-06,0.036079,3.58E-07,,
8716.75357,290.11,0.099142,9.91E-06,0.03614,3.58E-07,,
8727.327175,290.29,0.099145,9.91E-06,0.035968,3.57E-07,,
8737.956782,290.47,0.099144,9.91E-06,0.035958,3.57E-07,,
8748.57339,290.64,0.099145,9.91E-06,0.035867,3.56E-07,,
8759.212998,290.82,0.099146,9.91E-06,0.035957,3.57E-07,,
8769.829606,291,0.099146,9.91E-06,0.035765,3.55E-07,,
8780.455214,291.18,0.099144,9.91E-06,0.035716,3.54E-07,,
8791.073821,291.35,0.099147,9.91E-06,0.035684,3.54E-07,,
8801.671427,291.53,0.099145,9.91E-06,0.035645,3.53E-07,,
8812.266033,291.71,0.099143,9.91E-06,0.035373,3.51E-07,,
8822.88364,291.88,0.099136,9.91E-06,0.035043,3.47E-07,,
8833.463246,292.06,0.099143,9.91E-06,0.03496,3.47E-07,,
8844.086853,292.23,0.099143,9.91E-06,0.036331,3.60E-07,,
8854.673459,292.41,0.099147,9.91E-06,0.036047,3.57E-07,,
8865.287066,292.59,0.099147,9.91E-06,0.030147,2.99E-07,,
8875.900673,292.76,0.099146,9.91E-06,0.027908,2.77E-07,,
8886.527281,292.94,0.099146,9.91E-06,0.027596,2.74E-07,,
8897.157889,293.12,0.09914,9.91E-06,0.027426,2.72E-07,,
8907.742494,293.3,0.099146,9.91E-06,0.027606,2.74E-07,,
8918.369102,293.47,0.099146,9.91E-06,0.027535,2.73E-07,,
8928.944706,293.65,0.099149,9.91E-06,0.027554,2.73E-07,,
8939.595316,293.83,0.099148,9.91E-06,0.027514,2.73E-07,,
8950.215923,294,0.099148,9.91E-06,0.027414,2.72E-07,,
8960.82753,294.18,0.099146,9.91E-06,0.027575,2.73E-07,,
8971.460138,294.36,0.099146,9.91E-06,0.027303,2.71E-07,,
8982.079746,294.53,0.099147,9.91E-06,0.027505,2.73E-07,,
8992.731355,294.71,0.099147,9.91E-06,0.027646,2.74E-07,,
9003.344963,294.89,0.099135,9.91E-06,0.027538,2.73E-07,,
9013.945568,295.07,0.099149,9.91E-06,0.027494,2.73E-07,,
9024.561175,295.24,0.099146,9.91E-06,0.027434,2.72E-07,,
9035.192783,295.42,0.099147,9.91E-06,0.027767,2.75E-07,,
9045.817391,295.6,0.099144,9.91E-06,0.027606,2.74E-07,,
9056.444999,295.78,0.099139,9.91E-06,0.027386,2.72E-07,,
9067.044606,295.95,0.099145,9.91E-06,0.027485,2.73E-07,,
9077.662213,296.13,0.099146,9.91E-06,0.027606,2.74E-07,,
9088.288821,296.31,0.099147,9.91E-06,0.027434,2.72E-07,,
9098.918429,296.48,0.099146,9.91E-06,0.027495,2.73E-07,,
9109.561038,296.66,0.099146,9.91E-06,0.027666,2.74E-07,,
9120.189645,296.84,0.099148,9.91E-06,0.027555,2.73E-07,,
9130.818253,297.01,0.099145,9.91E-06,0.027646,2.74E-07,,
9141.458862,297.19,0.099145,9.91E-06,0.027697,2.75E-07,,
9152.08547,297.37,0.099144,9.91E-06,0.027566,2.73E-07,,
9162.698077,297.55,0.099144,9.91E-06,0.027677,2.74E-07,,
9173.320684,297.72,0.099128,9.91E-06,0.027903,2.77E-07,,
9183.919291,297.9,0.099142,9.91E-06,0.027738,2.75E-07,,
9194.533898,298.08,0.099135,9.91E-06,0.027589,2.74E-07,,
9205.102502,298.25,0.099143,9.91E-06,0.027627,2.74E-07,,
9215.719109,298.43,0.099133,9.91E-06,0.027014,2.68E-07,,
9226.298715,298.61,0.099142,9.91E-06,0.027546,2.73E-07,,
9236.949323,298.79,0.099142,9.91E-06,0.027708,2.75E-07,,
9247.563931,298.96,0.099141,9.91E-06,0.027789,2.76E-07,,
9258.164537,299.14,0.099139,9.91E-06,0.027749,2.75E-07,,
9268.779144,299.31,0.099124,9.91E-06,0.027682,2.74E-07,,
9279.403752,299.49,0.099138,9.91E-06,0.027699,2.75E-07,,
9289.981357,299.67,0.099129,9.91E-06,0.029194,2.89E-07,,
9300.595964,299.85,0.099139,9.91E-06,0.027709,2.75E-07,,
9311.219571,300.02,0.09914,9.91E-06,0.027728,2.75E-07,,
9321.820178,300.07,0.099141,9.91E-06,0.027869,2.76E-07,,
9332.463787,300.07,0.099139,9.91E-06,0.027779,2.75E-07,,
9343.073394,300.07,0.099123,9.91E-06,0.027804,2.76E-07,,
9353.703001,300.06,0.099139,9.91E-06,0.02786,2.76E-07,,
9364.33661,300.06,0.099137,9.91E-06,0.027719,2.75E-07,,
9374.978219,300.06,0.099139,9.91E-06,0.027809,2.76E-07,,
9385.580825,300.05,0.099141,9.91E-06,0.027809,2.76E-07,,
9396.177431,300.05,0.09914,9.91E-06,0.02794,2.77E-07,,
9406.773037,300.05,0.099139,9.91E-06,0.02784,2.76E-07,,
9417.381643,300.05,0.099123,9.91E-06,0.027945,2.77E-07,,
9427.997251,300.04,0.09914,9.91E-06,0.02786,2.76E-07,,
9438.608858,300.04,0.099139,9.91E-06,0.02788,2.76E-07,,
9449.223465,300.04,0.099142,9.91E-06,0.02794,2.77E-07,,
9459.834072,300.04,0.099143,9.91E-06,0.028171,2.79E-07,,
9470.462679,300.04,0.099141,9.91E-06,0.028011,2.78E-07,,
9481.080287,300.04,0.099143,9.91E-06,0.027939,2.77E-07,,
9491.723896,300.04,0.099143,9.91E-06,0.027939,2.77E-07,,
9502.351503,300.04,0.099143,9.91E-06,0.027839,2.76E-07,,
9512.982111,300.03,0.099142,9.91E-06,0.028111,2.79E-07,,
9523.62272,300.03,0.099143,9.91E-06,0.02797,2.77E-07,,
9534.239327,300.03,0.099143,9.91E-06,0.02796,2.77E-07,,
9544.868935,300.03,0.099143,9.91E-06,0.028081,2.78E-07,,
9555.475543,300.03,0.099136,9.91E-06,0.028002,2.78E-07,,
9566.053147,300.03,0.099142,9.91E-06,0.028192,2.80E-07,,
9576.665754,300.03,0.099142,9.91E-06,0.028031,2.78E-07,,
9587.309362,300.03,0.099142,9.91E-06,0.028162,2.79E-07,,
9597.908969,300.03,0.099143,9.91E-06,0.027808,2.76E-07,,
9608.552577,300.03,0.099135,9.91E-06,0.028002,2.78E-07,,
9619.125183,300.03,0.099143,9.91E-06,0.02803,2.78E-07,,
9629.75279,300.03,0.09914,9.91E-06,0.028041,2.78E-07,,
9640.354397,300.03,0.099142,9.91E-06,0.028343,2.81E-07,,
9650.971004,300.03,0.099144,9.91E-06,0.02802,2.78E-07,,
9661.597612,300.03,0.099143,9.91E-06,0.02806,2.78E-07,,
9672.203218,300.03,0.099141,9.91E-06,0.028061,2.78E-07,,
9682.824826,300.03,0.099128,9.91E-06,0.028024,2.78E-07,,
9693.425432,300.03,0.099139,9.91E-06,0.028142,2.79E-07,,
9704.05104,300.03,0.09914,9.91E-06,0.028092,2.79E-07,,
9714.668647,300.03,0.099141,9.91E-06,0.028132,2.79E-07,,
9725.281254,300.03,0.099141,9.91E-06,0.028091,2.79E-07,,
9735.903862,300.02,0.099133,9.91E-06,0.028134,2.79E-07,,
9746.505468,300.02,0.09914,9.91E-06,0.028142,2.79E-07,,
9757.127076,300.02,0.09914,9.91E-06,0.027981,2.77E-07,,
9767.741683,300.02,0.099139,9.91E-06,0.027971,2.77E-07,,
9778.35429,300.02,0.099142,9.91E-06,0.028313,2.81E-07,,
9788.958897,300.02,0.099139,9.91E-06,0.028052,2.78E-07,,
9799.558503,300.02,0.099141,9.91E-06,0.028253,2.80E-07,,
9810.17111,300.02,0.099136,9.91E-06,0.028274,2.80E-07,,
9820.770716,300.02,0.099139,9.91E-06,0.028203,2.80E-07,,
9831.371323,300.02,0.099139,9.91E-06,0.028213,2.80E-07,,
9841.974929,300.02,0.099137,9.91E-06,0.028193,2.80E-07,,
9852.600537,300.02,0.09914,9.91E-06,0.028092,2.79E-07,,
9863.245146,300.02,0.099139,9.91E-06,0.028122,2.79E-07,,
9873.845752,300.02,0.099138,9.91E-06,0.028203,2.80E-07,,
9884.472359,300.02,0.099124,9.91E-06,0.028147,2.79E-07,,
9895.074965,300.02,0.099137,9.91E-06,0.028213,2.80E-07,,
9905.728575,300.02,0.099137,9.91E-06,0.028294,2.81E-07,,
9916.344182,300.02,0.099137,9.91E-06,0.028052,2.78E-07,,
9926.97679,300.02,0.099135,9.91E-06,0.028053,2.78E-07,,
9937.591398,300.02,0.099126,9.91E-06,0.028075,2.78E-07,,
9948.160002,300.02,0.099137,9.91E-06,0.028082,2.78E-07,,
9958.792611,300.02,0.099138,9.91E-06,0.028092,2.79E-07,,
9969.359215,300.02,0.099136,9.91E-06,0.028032,2.78E-07,,
9979.983822,300.02,0.099133,9.91E-06,0.028104,2.79E-07,,
9990.582429,300.02,0.099136,9.91E-06,0.028173,2.79E-07,,
10001.19504,300.02,0.099135,9.91E-06,0.028164,2.79E-07,,
10011.78064,300.02,0.09914,9.91E-06,0.028152,2.79E-07,,
10022.39525,300.02,0.099131,9.91E-06,0.028134,2.79E-07,,
10032.98885,300.02,0.099137,9.91E-06,0.028173,2.79E-07,,
10043.63046,300.02,0.099139,9.91E-06,0.028273,2.80E-07,,
10054.26007,300.02,0.099139,9.91E-06,0.028495,2.83E-07,,
10064.88668,300.02,0.099141,9.91E-06,0.026588,2.64E-07,,
10075.49429,300.02,0.099128,9.91E-06,0.027893,2.77E-07,,
10086.07889,300.02,0.09914,9.91E-06,0.028203,2.80E-07,,
10096.7135,300.01,0.099137,9.91E-06,0.028284,2.80E-07,,
10107.2831,300.01,0.099141,9.91E-06,0.028243,2.80E-07,,
10117.90271,300.01,0.09914,9.91E-06,0.028384,2.81E-07,,
10128.50832,300.01,0.099139,9.91E-06,0.028223,2.80E-07,,
10139.13093,300.01,0.09914,9.91E-06,0.028283,2.80E-07,,
10149.77554,300.01,0.099138,9.91E-06,0.028153,2.79E-07,,
10160.35914,300.01,0.09914,9.91E-06,0.028293,2.81E-07,,
10171.00075,300.01,0.099138,9.91E-06,0.028143,2.79E-07,,
10181.63236,300.01,0.099139,9.91E-06,0.028152,2.79E-07,,
10192.24496,300.01,0.099142,9.91E-06,0.028303,2.81E-07,,
10202.88457,300.01,0.099141,9.91E-06,0.028343,2.81E-07,,
10213.50318,300.01,0.099137,9.91E-06,0.028193,2.80E-07,,
10224.11079,300.01,0.09914,9.91E-06,0.028192,2.80E-07,,
10234.73439,300.01,0.099139,9.91E-06,0.028273,2.80E-07,,
10245.336,300.01,0.099139,9.91E-06,0.028112,2.79E-07,,
10255.97661,300.01,0.09914,9.91E-06,0.028263,2.80E-07,,
10266.59222,300.01,0.099141,9.91E-06,0.028182,2.79E-07,,
10277.23182,300.01,0.099141,9.91E-06,0.028404,2.82E-07,,
10287.84943,300.01,0.09914,9.91E-06,0.028283,2.80E-07,,
10298.46404,300.01,0.099138,9.91E-06,0.028264,2.80E-07,,
10309.07565,300.01,0.099136,9.91E-06,0.028032,2.78E-07,,
10319.69425,300.01,0.099138,9.91E-06,0.028092,2.79E-07,,
10330.31986,300.01,0.099139,9.91E-06,0.028314,2.81E-07,,
10340.96147,300.01,0.09914,9.91E-06,0.028233,2.80E-07,,
10351.60008,300.01,0.099139,9.91E-06,0.028142,2.79E-07,,
10362.21169,300.01,0.09914,9.91E-06,0.028172,2.79E-07,,
10372.83529,300.01,0.09913,9.91E-06,0.028135,2.79E-07,,
10383.4189,300.01,0.099138,9.91E-06,0.028153,2.79E-07,,
10394.06551,300.01,0.09914,9.91E-06,0.028203,2.80E-07,,
10404.68711,300.01,0.099138,9.91E-06,0.028163,2.79E-07,,
10415.29872,300.01,0.099137,9.91E-06,0.028234,2.80E-07,,
10425.91833,300.01,0.099131,9.91E-06,0.028266,2.80E-07,,
10436.50493,300.01,0.099139,9.91E-06,0.028243,2.80E-07,,
10447.10354,300.01,0.09913,9.91E-06,0.028145,2.79E-07,,
10457.68315,300.01,0.099136,9.91E-06,0.028173,2.79E-07,,
10468.29175,300.01,0.099131,9.91E-06,0.028165,2.79E-07,,
10478.87936,300.01,0.099137,9.91E-06,0.028123,2.79E-07,,
10489.53897,300.01,0.099136,9.91E-06,0.028194,2.80E-07,,
10500.16658,300.01,0.099137,9.91E-06,0.028143,2.79E-07,,
10510.76618,300.01,0.099135,9.91E-06,0.028275,2.80E-07,,
10521.38179,300.01,0.099127,9.91E-06,0.028085,2.78E-07,,
10531.9824,300.01,0.099135,9.91E-06,0.028113,2.79E-07,,
10542.581,300.01,0.09913,9.91E-06,0.028458,2.82E-07,,
10553.18061,300.01,0.099133,9.91E-06,0.028174,2.79E-07,,
10563.81822,300.01,0.099135,9.91E-06,0.028093,2.79E-07,,