0.000000,49.996000,0.099213,9.921300E-6,0.014917,1.480000E-7
10.626608,49.997000,0.099247,9.924700E-6,0.014842,1.473000E-7
21.246215,49.999000,0.099246,9.924600E-6,0.014912,1.480000E-7
31.841822,50.000000,0.099247,9.924700E-6,0.014963,1.485000E-7
42.452428,50.000000,0.099245,9.924500E-6,0.014802,1.469000E-7
53.053034,50.000000,0.099246,9.924600E-6,0.014771,1.466000E-7
63.643640,50.047000,0.099245,9.924500E-6,0.014741,1.463000E-7
74.250247,50.195000,0.099238,9.923800E-6,0.014742,1.463000E-7
84.828852,50.361000,0.099246,9.924600E-6,0.014933,1.482000E-7
95.443459,50.532000,0.099245,9.924500E-6,0.016424,1.630000E-7
106.028065,50.702000,0.099247,9.924700E-6,0.014902,1.479000E-7
116.628671,50.880000,0.099246,9.924600E-6,0.014822,1.471000E-7
127.201276,51.065000,0.099245,9.924500E-6,0.014782,1.467000E-7
137.816883,51.243000,0.099244,9.924400E-6,0.014802,1.469000E-7
148.402488,51.415000,0.099247,9.924700E-6,0.014701,1.459000E-7
159.015095,51.597000,0.099238,9.923800E-6,0.014964,1.485000E-7
169.630702,51.779000,0.099243,9.924300E-6,0.015175,1.506000E-7
180.231309,51.960000,0.099243,9.924300E-6,0.014973,1.486000E-7
190.815915,52.146000,0.099245,9.924500E-6,0.014983,1.487000E-7
201.445522,52.330000,0.099243,9.924300E-6,0.014953,1.484000E-7
212.030127,52.517000,0.099248,9.924800E-6,0.015114,1.500000E-7
222.642735,52.695000,0.099244,9.924400E-6,0.015074,1.496000E-7
233.228340,52.877000,0.099246,9.924600E-6,0.014912,1.480000E-7
243.841947,53.054000,0.099243,9.924300E-6,0.015255,1.514000E-7
254.431553,53.232000,0.099247,9.924700E-6,0.015074,1.496000E-7
265.049160,53.412000,0.099245,9.924500E-6,0.015013,1.490000E-7
275.648767,53.589000,0.099247,9.924700E-6,0.015386,1.527000E-7
286.255373,53.767000,0.099243,9.924300E-6,0.015255,1.514000E-7
296.853979,53.947000,0.099244,9.924400E-6,0.015245,1.513000E-7
307.489587,54.123000,0.099245,9.924500E-6,0.015366,1.525000E-7
318.063192,54.300000,0.099246,9.924600E-6,0.015356,1.524000E-7
328.688800,54.476000,0.099244,9.924400E-6,0.015114,1.500000E-7
339.247404,54.654000,0.099246,9.924600E-6,0.015154,1.504000E-7
349.866011,54.836000,0.099245,9.924500E-6,0.015316,1.520000E-7
360.444616,55.008000,0.099247,9.924700E-6,0.015436,1.532000E-7
371.070224,55.184000,0.099244,9.924400E-6,0.015578,1.546000E-7
381.649829,55.361000,0.099245,9.924500E-6,0.015457,1.534000E-7
392.262436,55.538000,0.099244,9.924400E-6,0.015417,1.530000E-7
402.848042,55.720000,0.099247,9.924700E-6,0.015567,1.545000E-7
413.452648,55.900000,0.099245,9.924500E-6,0.015749,1.563000E-7
424.039254,56.074000,0.099246,9.924600E-6,0.015487,1.537000E-7
434.643860,56.250000,0.099237,9.923700E-6,0.015740,1.562000E-7
445.219465,56.428000,0.099243,9.924300E-6,0.015830,1.571000E-7
455.836073,56.601000,0.099242,9.924200E-6,0.015719,1.560000E-7
466.419678,56.779000,0.099244,9.924400E-6,0.015749,1.563000E-7
477.036285,56.956000,0.099242,9.924200E-6,0.015770,1.565000E-7
487.618890,57.130000,0.099243,9.924300E-6,0.015800,1.568000E-7
498.234498,57.309000,0.099241,9.924100E-6,0.015971,1.585000E-7
508.808103,57.487000,0.099242,9.924200E-6,0.016021,1.590000E-7
519.434710,57.663000,0.099241,9.924100E-6,0.015719,1.560000E-7
530.018315,57.838000,0.099243,9.924300E-6,0.015880,1.576000E-7
540.622921,58.015000,0.099240,9.924000E-6,0.016072,1.595000E-7
551.208527,58.191000,0.099240,9.924000E-6,0.016112,1.599000E-7
561.808134,58.370000,0.099242,9.924200E-6,0.015870,1.575000E-7
572.394739,58.548000,0.099244,9.924400E-6,0.016031,1.591000E-7
583.010346,58.726000,0.099241,9.924100E-6,0.016243,1.612000E-7
593.572950,58.899000,0.099246,9.924600E-6,0.016212,1.609000E-7
604.197558,59.072000,0.099244,9.924400E-6,0.016293,1.617000E-7
614.796164,59.249000,0.099245,9.924500E-6,0.016293,1.617000E-7
625.407771,59.427000,0.099240,9.924000E-6,0.016193,1.607000E-7
635.964375,59.602000,0.099246,9.924600E-6,0.016293,1.617000E-7
646.595983,59.781000,0.099243,9.924300E-6,0.016324,1.620000E-7
657.159587,59.959000,0.099245,9.924500E-6,0.016394,1.627000E-7
667.777194,60.136000,0.099256,9.925600E-6,0.016362,1.624000E-7
678.358800,60.314000,0.099246,9.924600E-6,0.016384,1.626000E-7
688.983408,60.492000,0.099244,9.924400E-6,0.016988,1.686000E-7
699.577013,60.665000,0.099248,9.924800E-6,0.016464,1.634000E-7
710.182620,60.841000,0.099247,9.924700E-6,0.016414,1.629000E-7
720.770226,61.021000,0.099246,9.924600E-6,0.016635,1.651000E-7
731.371832,61.197000,0.099244,9.924400E-6,0.016636,1.651000E-7
741.938437,61.374000,0.099247,9.924700E-6,0.016605,1.648000E-7
752.562044,61.549000,0.099244,9.924400E-6,0.016787,1.666000E-7
763.138649,61.724000,0.099248,9.924800E-6,0.016746,1.662000E-7
773.743255,61.901000,0.099243,9.924300E-6,0.016787,1.666000E-7
784.338861,62.080000,0.099245,9.924500E-6,0.016696,1.657000E-7
794.956469,62.258000,0.099243,9.924300E-6,0.016827,1.670000E-7
805.525074,62.436000,0.099245,9.924500E-6,0.016837,1.671000E-7
816.140681,62.611000,0.099243,9.924300E-6,0.016878,1.675000E-7
826.725286,62.788000,0.099246,9.924600E-6,0.017028,1.690000E-7
837.342894,62.963000,0.099242,9.924200E-6,0.017019,1.689000E-7
847.925498,63.144000,0.099244,9.924400E-6,0.016918,1.679000E-7
858.543106,63.319000,0.099241,9.924100E-6,0.017221,1.709000E-7
869.112710,63.496000,0.099244,9.924400E-6,0.017039,1.691000E-7
879.713317,63.671000,0.099236,9.923600E-6,0.016909,1.678000E-7
890.285922,63.843000,0.099244,9.924400E-6,0.017160,1.703000E-7
900.913529,64.019000,0.099242,9.924200E-6,0.017110,1.698000E-7
911.526137,64.196000,0.099243,9.924300E-6,0.017432,1.730000E-7
922.127742,64.376000,0.099241,9.924100E-6,0.017321,1.719000E-7
932.740350,64.551000,0.099243,9.924300E-6,0.017140,1.701000E-7
943.340956,64.726000,0.099241,9.924100E-6,0.017130,1.700000E-7
953.942563,64.907000,0.099232,9.923200E-6,0.017323,1.719000E-7
964.527168,65.081000,0.099243,9.924300E-6,0.017442,1.731000E-7
975.153776,65.258000,0.099239,9.923900E-6,0.017241,1.711000E-7
985.714380,65.436000,0.099240,9.924000E-6,0.017342,1.721000E-7
996.326986,65.615000,0.099233,9.923300E-6,0.017484,1.735000E-7
1006.900591,65.791000,0.099243,9.924300E-6,0.017432,1.730000E-7
1017.528199,65.972000,0.099238,9.923800E-6,0.017393,1.726000E-7
1028.112805,66.149000,0.099241,9.924100E-6,0.017442,1.731000E-7
1038.716411,66.324000,0.099240,9.924000E-6,0.017513,1.738000E-7
1049.303017,66.502000,0.099242,9.924200E-6,0.017674,1.754000E-7
1059.904623,66.678000,0.099241,9.924100E-6,0.017785,1.765000E-7
1070.502230,66.853000,0.099243,9.924300E-6,0.017543,1.741000E-7
1081.116836,67.032000,0.099242,9.924200E-6,0.017906,1.777000E-7
1091.671440,67.208000,0.099244,9.924400E-6,0.017704,1.757000E-7
1102.304048,67.383000,0.099240,9.924000E-6,0.017846,1.771000E-7
1112.878653,67.562000,0.099241,9.924100E-6,0.017795,1.766000E-7
1123.503261,67.740000,0.099239,9.923900E-6,0.017866,1.773000E-7
1134.083866,67.914000,0.099244,9.924400E-6,0.018016,1.788000E-7
1144.703474,68.091000,0.099242,9.924200E-6,0.017865,1.773000E-7
1155.288079,68.267000,0.099243,9.924300E-6,0.017865,1.773000E-7
1165.881685,68.443000,0.099242,9.924200E-6,0.017966,1.783000E-7
1176.471291,68.618000,0.099244,9.924400E-6,0.017996,1.786000E-7
1187.103899,68.794000,0.099240,9.924000E-6,0.017916,1.778000E-7
1197.653502,68.970000,0.099246,9.924600E-6,0.018127,1.799000E-7
1208.259109,69.145000,0.099236,9.923600E-6,0.018038,1.790000E-7
1218.831713,69.322000,0.099242,9.924200E-6,0.018127,1.799000E-7
1229.453321,69.505000,0.099239,9.923900E-6,0.018138,1.800000E-7
1240.044927,69.683000,0.099241,9.924100E-6,0.018259,1.812000E-7
1250.652534,69.858000,0.099240,9.924000E-6,0.018249,1.811000E-7
1261.234138,70.034000,0.099243,9.924300E-6,0.018198,1.806000E-7
1271.846745,70.208000,0.099241,9.924100E-6,0.018390,1.825000E-7
1282.434351,70.386000,0.099240,9.924000E-6,0.018309,1.817000E-7
1293.046958,70.563000,0.099239,9.923900E-6,0.018440,1.830000E-7
1303.620563,70.741000,0.099241,9.924100E-6,0.018420,1.828000E-7
1314.261171,70.919000,0.099243,9.924300E-6,0.018611,1.847000E-7
1324.867778,71.094000,0.099242,9.924200E-6,0.018661,1.852000E-7
1335.474385,71.268000,0.099241,9.924100E-6,0.020415,2.026000E-7
1346.071991,71.444000,0.099240,9.924000E-6,0.018521,1.838000E-7
1356.671597,71.621000,0.099238,9.923800E-6,0.018380,1.824000E-7
1367.280204,71.799000,0.099230,9.923000E-6,0.018734,1.859000E-7
1377.847809,71.976000,0.099242,9.924200E-6,0.018702,1.856000E-7
1388.471416,72.153000,0.099237,9.923700E-6,0.018914,1.877000E-7
1399.053021,72.328000,0.099241,9.924100E-6,0.018702,1.856000E-7
1409.677629,72.504000,0.099238,9.923800E-6,0.018652,1.851000E-7
1420.257235,72.681000,0.099240,9.924000E-6,0.018712,1.857000E-7
1430.866841,72.857000,0.099239,9.923900E-6,0.018853,1.871000E-7
1441.449446,73.034000,0.099240,9.924000E-6,0.019025,1.888000E-7
1452.049053,73.212000,0.099239,9.923900E-6,0.019055,1.891000E-7
1462.646658,73.389000,0.099241,9.924100E-6,0.018762,1.862000E-7
1473.252265,73.566000,0.099237,9.923700E-6,0.018864,1.872000E-7
1483.834870,73.739000,0.099242,9.924200E-6,0.019165,1.902000E-7
1494.450478,73.916000,0.099241,9.924100E-6,0.018984,1.884000E-7
1505.011082,74.093000,0.099241,9.924100E-6,0.019176,1.903000E-7
1515.637690,74.273000,0.099241,9.924100E-6,0.019024,1.888000E-7
1526.223295,74.447000,0.099243,9.924300E-6,0.019135,1.899000E-7
1536.838902,74.622000,0.099242,9.924200E-6,0.019286,1.914000E-7
1547.408506,74.796000,0.099242,9.924200E-6,0.019266,1.912000E-7
1558.024114,74.975000,0.099242,9.924200E-6,0.019155,1.901000E-7
1568.610719,75.150000,0.099243,9.924300E-6,0.019256,1.911000E-7
1579.225327,75.330000,0.099243,9.924300E-6,0.019226,1.908000E-7
1589.835934,75.507000,0.099242,9.924200E-6,0.019276,1.913000E-7
1600.437540,75.684000,0.099241,9.924100E-6,0.019337,1.919000E-7
1611.049146,75.861000,0.099240,9.924000E-6,0.019438,1.929000E-7
1621.639753,76.036000,0.099242,9.924200E-6,0.019457,1.931000E-7
1632.238358,76.214000,0.099240,9.924000E-6,0.019498,1.935000E-7
1642.851965,76.390000,0.099243,9.924300E-6,0.019518,1.937000E-7
1653.452572,76.566000,0.099232,9.923200E-6,0.019500,1.935000E-7
1664.038177,76.743000,0.099243,9.924300E-6,0.019619,1.947000E-7
1674.664785,76.920000,0.099239,9.923900E-6,0.019468,1.932000E-7
1685.253391,77.097000,0.099240,9.924000E-6,0.019498,1.935000E-7
1695.870998,77.274000,0.099240,9.924000E-6,0.019508,1.936000E-7
1706.439602,77.450000,0.099240,9.924000E-6,0.019700,1.955000E-7
1717.063210,77.625000,0.099238,9.923800E-6,0.019660,1.951000E-7
1727.639815,77.802000,0.099238,9.923800E-6,0.019700,1.955000E-7
1738.253422,77.979000,0.099237,9.923700E-6,0.019640,1.949000E-7
1748.841028,78.155000,0.099238,9.923800E-6,0.019881,1.973000E-7
1759.453635,78.333000,0.099236,9.923600E-6,0.019852,1.970000E-7
1770.040241,78.511000,0.099239,9.923900E-6,0.019912,1.976000E-7
1780.653847,78.687000,0.099238,9.923800E-6,0.019892,1.974000E-7
1791.254454,78.865000,0.099238,9.923800E-6,0.019841,1.969000E-7
1801.855060,79.044000,0.099236,9.923600E-6,0.019892,1.974000E-7
1812.441666,79.218000,0.099238,9.923800E-6,0.019861,1.971000E-7
1823.055273,79.393000,0.099239,9.923900E-6,0.020143,1.999000E-7
1833.664880,79.570000,0.099237,9.923700E-6,0.020154,2.000000E-7
1844.270486,79.749000,0.099239,9.923900E-6,0.020022,1.987000E-7
1854.878093,79.927000,0.099238,9.923800E-6,0.020023,1.987000E-7
1865.472699,80.103000,0.099239,9.923900E-6,0.020184,2.003000E-7
1876.077306,80.279000,0.099230,9.923000E-6,0.020145,1.999000E-7
1886.657910,80.456000,0.099239,9.923900E-6,0.020194,2.004000E-7
1897.283518,80.634000,0.099238,9.923800E-6,0.020194,2.004000E-7
1907.868124,80.809000,0.099239,9.923900E-6,0.020153,2.000000E-7
1918.484731,80.984000,0.099236,9.923600E-6,0.020265,2.011000E-7
1929.070337,81.160000,0.099239,9.923900E-6,0.020305,2.015000E-7
1939.671943,81.337000,0.099239,9.923900E-6,0.020405,2.025000E-7
1950.254548,81.513000,0.099239,9.923900E-6,0.020607,2.045000E-7
1960.900157,81.689000,0.099240,9.924000E-6,0.020425,2.027000E-7
1971.513764,81.866000,0.099240,9.924000E-6,0.020586,2.043000E-7
1982.115370,82.041000,0.099240,9.924000E-6,0.020395,2.024000E-7
1992.726978,82.219000,0.099226,9.922600E-6,0.020468,2.031000E-7
2003.354586,82.397000,0.099240,9.924000E-6,0.020607,2.045000E-7
2013.957192,82.574000,0.099239,9.923900E-6,0.020345,2.019000E-7
2024.529797,82.752000,0.099240,9.924000E-6,0.020687,2.053000E-7
2035.157404,82.931000,0.099239,9.923900E-6,0.020567,2.041000E-7
2045.757010,83.108000,0.099240,9.924000E-6,0.020637,2.048000E-7
2056.367618,83.284000,0.099239,9.923900E-6,0.020667,2.051000E-7
2066.972224,83.461000,0.099237,9.923700E-6,0.020789,2.063000E-7
2077.570830,83.637000,0.099238,9.923800E-6,0.020678,2.052000E-7
2088.176437,83.813000,0.099231,9.923100E-6,0.020891,2.073000E-7
2098.746042,83.989000,0.099237,9.923700E-6,0.020889,2.073000E-7
2109.374650,84.166000,0.099237,9.923700E-6,0.020859,2.070000E-7
2119.947254,84.345000,0.099239,9.923900E-6,0.020919,2.076000E-7
2130.558861,84.521000,0.099231,9.923100E-6,0.021082,2.092000E-7
2141.143466,84.696000,0.099237,9.923700E-6,0.021182,2.102000E-7
2151.776074,84.873000,0.099236,9.923600E-6,0.020849,2.069000E-7
2162.380681,85.050000,0.099238,9.923800E-6,0.020879,2.072000E-7
2172.984287,85.225000,0.099234,9.923400E-6,0.020961,2.080000E-7
2183.589894,85.400000,0.099235,9.923500E-6,0.021283,2.112000E-7
2194.186500,85.576000,0.099237,9.923700E-6,0.021202,2.104000E-7
2204.793107,85.753000,0.099228,9.922800E-6,0.021113,2.095000E-7
2215.364712,85.930000,0.099235,9.923500E-6,0.021031,2.087000E-7
2225.980319,86.108000,0.099231,9.923100E-6,0.021233,2.107000E-7
2236.572925,86.286000,0.099236,9.923600E-6,0.021313,2.115000E-7
2247.180531,86.464000,0.099232,9.923200E-6,0.021344,2.118000E-7
2257.761137,86.640000,0.099235,9.923500E-6,0.021192,2.103000E-7
2268.367743,86.816000,0.099233,9.923300E-6,0.021253,2.109000E-7
2278.949349,86.992000,0.099235,9.923500E-6,0.021273,2.111000E-7
2289.560955,87.170000,0.099234,9.923400E-6,0.021424,2.126000E-7
2300.134560,87.347000,0.099236,9.923600E-6,0.021494,2.133000E-7
2310.747167,87.523000,0.099234,9.923400E-6,0.021404,2.124000E-7
2321.334773,87.697000,0.099236,9.923600E-6,0.021283,2.112000E-7
2331.959381,87.873000,0.099232,9.923200E-6,0.021656,2.149000E-7
2342.520985,88.050000,0.099237,9.923700E-6,0.021595,2.143000E-7
2353.151593,88.229000,0.099235,9.923500E-6,0.021535,2.137000E-7
2363.735198,88.406000,0.099236,9.923600E-6,0.021645,2.148000E-7
2374.348805,88.586000,0.099235,9.923500E-6,0.021625,2.146000E-7
2384.948411,88.767000,0.099236,9.923600E-6,0.021655,2.149000E-7
2395.564018,88.947000,0.099237,9.923700E-6,0.021696,2.153000E-7
2406.150624,89.126000,0.099237,9.923700E-6,0.021746,2.158000E-7
2416.770231,89.303000,0.099234,9.923400E-6,0.021757,2.159000E-7
2427.335836,89.479000,0.099236,9.923600E-6,0.021948,2.178000E-7
2437.950442,89.657000,0.099234,9.923400E-6,0.021988,2.182000E-7
2448.550049,89.834000,0.099237,9.923700E-6,0.021776,2.161000E-7
2459.163656,90.012000,0.099235,9.923500E-6,0.021837,2.167000E-7
2469.723260,90.183000,0.099237,9.923700E-6,0.021968,2.180000E-7
2480.336867,90.356000,0.099225,9.922500E-6,0.022001,2.183000E-7
2490.910472,90.526000,0.099234,9.923400E-6,0.021988,2.182000E-7
2501.537080,90.701000,0.099233,9.923300E-6,0.022190,2.202000E-7
2512.121686,90.877000,0.099236,9.923600E-6,0.022018,2.185000E-7
2522.735292,91.055000,0.099237,9.923700E-6,0.022149,2.198000E-7
2533.350899,91.231000,0.099237,9.923700E-6,0.022270,2.210000E-7
2543.950506,91.409000,0.099235,9.923500E-6,0.021998,2.183000E-7
2554.562113,91.588000,0.099236,9.923600E-6,0.022280,2.211000E-7
2565.152719,91.768000,0.099234,9.923400E-6,0.022049,2.188000E-7
2575.752325,91.947000,0.099226,9.922600E-6,0.022333,2.216000E-7
2586.337930,92.124000,0.099233,9.923300E-6,0.022281,2.211000E-7
2596.938537,92.301000,0.099224,9.922400E-6,0.022172,2.200000E-7
2607.513142,92.477000,0.099233,9.923300E-6,0.022382,2.221000E-7
2618.139749,92.655000,0.099229,9.922900E-6,0.022443,2.227000E-7
2628.725354,92.828000,0.099233,9.923300E-6,0.022482,2.231000E-7
2639.336962,93.006000,0.099232,9.923200E-6,0.022362,2.219000E-7
2649.939568,93.182000,0.099233,9.923300E-6,0.022533,2.236000E-7
2660.552175,93.361000,0.099234,9.923400E-6,0.022734,2.256000E-7
2671.164782,93.540000,0.099218,9.921800E-6,0.022577,2.240000E-7
2681.772389,93.714000,0.099233,9.923300E-6,0.022533,2.236000E-7
2692.387996,93.886000,0.099231,9.923100E-6,0.022715,2.254000E-7
2702.969601,94.058000,0.099233,9.923300E-6,0.022583,2.241000E-7
2713.588209,94.233000,0.099228,9.922800E-6,0.022846,2.267000E-7
2724.165813,94.409000,0.099234,9.923400E-6,0.022704,2.253000E-7
2734.783421,94.584000,0.099231,9.923100E-6,0.022846,2.267000E-7
2745.368026,94.760000,0.099234,9.923400E-6,0.022855,2.268000E-7
2755.980633,94.936000,0.099233,9.923300E-6,0.022956,2.278000E-7
2766.554238,95.113000,0.099235,9.923500E-6,0.023328,2.315000E-7
2777.178845,95.293000,0.099233,9.923300E-6,0.022795,2.262000E-7
2787.768451,95.471000,0.099238,9.923800E-6,0.022834,2.266000E-7
2798.378058,95.649000,0.099233,9.923300E-6,0.023017,2.284000E-7
2808.968664,95.826000,0.099235,9.923500E-6,0.022996,2.282000E-7
2819.569271,96.002000,0.099231,9.923100E-6,0.022856,2.268000E-7
2830.153876,96.177000,0.099233,9.923300E-6,0.022946,2.277000E-7
2840.757483,96.353000,0.099231,9.923100E-6,0.023118,2.294000E-7
2851.344087,96.531000,0.099233,9.923300E-6,0.022815,2.264000E-7
2861.969695,96.709000,0.099235,9.923500E-6,0.023026,2.285000E-7
2872.543300,96.888000,0.099233,9.923300E-6,0.023127,2.295000E-7
2883.169908,97.066000,0.099233,9.923300E-6,0.022966,2.279000E-7
2893.732512,97.244000,0.099233,9.923300E-6,0.023137,2.296000E-7
2904.356120,97.427000,0.099225,9.922500E-6,0.023240,2.306000E-7
2914.929725,97.605000,0.099232,9.923200E-6,0.023218,2.304000E-7
2925.556332,97.785000,0.099230,9.923000E-6,0.023410,2.323000E-7
2936.128937,97.957000,0.099233,9.923300E-6,0.023399,2.322000E-7
2946.757545,98.130000,0.099232,9.923200E-6,0.023430,2.325000E-7
2957.331150,98.300000,0.099234,9.923400E-6,0.023258,2.308000E-7
2967.943757,98.475000,0.099231,9.923100E-6,0.023400,2.322000E-7
2978.530363,98.649000,0.099233,9.923300E-6,0.023289,2.311000E-7
2989.144969,98.829000,0.099230,9.923000E-6,0.023410,2.323000E-7
2999.730575,99.004000,0.099230,9.923000E-6,0.023380,2.320000E-7
3010.344182,99.180000,0.099229,9.922900E-6,0.023521,2.334000E-7
3020.930787,99.353000,0.099231,9.923100E-6,0.023309,2.313000E-7
3031.533393,99.528000,0.099229,9.922900E-6,0.023461,2.328000E-7
3042.105999,99.706000,0.099233,9.923300E-6,0.023651,2.347000E-7
3052.731606,99.884000,0.099230,9.923000E-6,0.023531,2.335000E-7
3063.309211,100.060000,0.099231,9.923100E-6,0.023712,2.353000E-7
3073.931819,100.240000,0.099229,9.922900E-6,0.023582,2.340000E-7
3084.517425,100.420000,0.099231,9.923100E-6,0.023823,2.364000E-7
3095.131031,100.600000,0.099227,9.922700E-6,0.023673,2.349000E-7
3105.700636,100.780000,0.099229,9.922900E-6,0.023693,2.351000E-7
3116.332244,100.950000,0.099230,9.923000E-6,0.023844,2.366000E-7
3126.914850,101.130000,0.099233,9.923300E-6,0.023843,2.366000E-7
3137.520456,101.310000,0.099231,9.923100E-6,0.024065,2.388000E-7
3148.084060,101.490000,0.099231,9.923100E-6,0.023803,2.362000E-7
3158.688666,101.660000,0.099223,9.922300E-6,0.024077,2.389000E-7
3169.261271,101.840000,0.099233,9.923300E-6,0.023994,2.381000E-7
3179.877878,102.010000,0.099232,9.923200E-6,0.023994,2.381000E-7
3190.460484,102.190000,0.099231,9.923100E-6,0.024075,2.389000E-7
3201.075091,102.370000,0.099231,9.923100E-6,0.024146,2.396000E-7
3211.661697,102.540000,0.099232,9.923200E-6,0.024145,2.396000E-7
3222.275304,102.720000,0.099232,9.923200E-6,0.024166,2.398000E-7
3232.881910,102.890000,0.099234,9.923400E-6,0.024236,2.405000E-7
3243.489517,103.070000,0.099231,9.923100E-6,0.024115,2.393000E-7
3254.088123,103.250000,0.099233,9.923300E-6,0.024054,2.387000E-7
3264.692729,103.420000,0.099234,9.923400E-6,0.024205,2.402000E-7
3275.301337,103.600000,0.099224,9.922400E-6,0.024188,2.400000E-7
3285.875942,103.780000,0.099231,9.923100E-6,0.024176,2.399000E-7
3296.478548,103.960000,0.099224,9.922400E-6,0.024409,2.422000E-7
3307.061153,104.130000,0.099231,9.923100E-6,0.024216,2.403000E-7
3317.676760,104.310000,0.099228,9.922800E-6,0.024388,2.420000E-7
3328.263366,104.480000,0.099231,9.923100E-6,0.024448,2.426000E-7
3338.876973,104.660000,0.099230,9.923000E-6,0.024297,2.411000E-7
3349.436577,104.840000,0.099231,9.923100E-6,0.024398,2.421000E-7
3360.064185,105.010000,0.099230,9.923000E-6,0.024448,2.426000E-7
3370.650790,105.190000,0.099231,9.923100E-6,0.024529,2.434000E-7
3381.263398,105.370000,0.099228,9.922800E-6,0.024529,2.434000E-7
3391.835001,105.540000,0.099229,9.922900E-6,0.024559,2.437000E-7
3402.464610,105.720000,0.099231,9.923100E-6,0.024508,2.432000E-7
3413.078217,105.900000,0.099229,9.922900E-6,0.024751,2.456000E-7
3423.677823,106.070000,0.099229,9.922900E-6,0.024711,2.452000E-7
3434.278430,106.250000,0.099228,9.922800E-6,0.024731,2.454000E-7
3444.880036,106.430000,0.099230,9.923000E-6,0.024670,2.448000E-7
3455.482642,106.600000,0.099219,9.921900E-6,0.024743,2.455000E-7
3466.051247,106.780000,0.099230,9.923000E-6,0.024841,2.465000E-7
3476.678854,106.960000,0.099227,9.922700E-6,0.024701,2.451000E-7
3487.252459,107.130000,0.099229,9.922900E-6,0.024852,2.466000E-7
3497.866066,107.310000,0.099228,9.922800E-6,0.024862,2.467000E-7
3508.463673,107.480000,0.099229,9.922900E-6,0.024852,2.466000E-7
3519.066279,107.660000,0.099226,9.922600E-6,0.024802,2.461000E-7
3529.638884,107.840000,0.099229,9.922900E-6,0.024287,2.410000E-7
3540.252491,108.020000,0.099224,9.922400E-6,0.024954,2.476000E-7
3550.823095,108.190000,0.099230,9.923000E-6,0.024972,2.478000E-7
3561.452703,108.370000,0.099229,9.922900E-6,0.024882,2.469000E-7
3572.014308,108.540000,0.099229,9.922900E-6,0.025214,2.502000E-7
3582.618915,108.720000,0.099222,9.922200E-6,0.024904,2.471000E-7
3593.194519,108.900000,0.099231,9.923100E-6,0.025143,2.495000E-7
3603.810126,109.070000,0.099230,9.923000E-6,0.025123,2.493000E-7
3614.403732,109.250000,0.099231,9.923100E-6,0.025153,2.496000E-7
3625.013339,109.430000,0.099230,9.923000E-6,0.025295,2.510000E-7
3635.600945,109.610000,0.099231,9.923100E-6,0.025315,2.512000E-7
3646.215552,109.780000,0.099230,9.923000E-6,0.025174,2.498000E-7
3656.805158,109.960000,0.099231,9.923100E-6,0.025234,2.504000E-7
3667.410764,110.140000,0.099229,9.922900E-6,0.025416,2.522000E-7
3677.981369,110.310000,0.099231,9.923100E-6,0.025405,2.521000E-7
3688.613977,110.490000,0.099231,9.923100E-6,0.025254,2.506000E-7
3699.225584,110.670000,0.099231,9.923100E-6,0.025446,2.525000E-7
3709.826190,110.840000,0.099228,9.922800E-6,0.025356,2.516000E-7
3720.440797,111.020000,0.099232,9.923200E-6,0.025445,2.525000E-7
3731.040403,111.200000,0.099229,9.922900E-6,0.025557,2.536000E-7
3741.654010,111.370000,0.099222,9.922200E-6,0.025438,2.524000E-7
3752.241616,111.550000,0.099230,9.923000E-6,0.025527,2.533000E-7
3762.867224,111.730000,0.099231,9.923100E-6,0.025395,2.520000E-7
3773.468831,111.900000,0.099229,9.922900E-6,0.025456,2.526000E-7
3784.070437,112.080000,0.099228,9.922800E-6,0.025658,2.546000E-7
3794.681043,112.260000,0.099230,9.923000E-6,0.025506,2.531000E-7
3805.283649,112.430000,0.099227,9.922700E-6,0.025517,2.532000E-7
3815.884256,112.610000,0.099226,9.922600E-6,0.025608,2.541000E-7
3826.483862,112.780000,0.099228,9.922800E-6,0.025799,2.560000E-7
3837.112471,112.960000,0.099221,9.922100E-6,0.025660,2.546000E-7
3847.684075,113.140000,0.099225,9.922500E-6,0.025770,2.557000E-7
3858.306683,113.310000,0.099225,9.922500E-6,0.025780,2.558000E-7
3868.899289,113.490000,0.099227,9.922700E-6,0.025638,2.544000E-7
3879.504895,113.670000,0.099224,9.922400E-6,0.025669,2.547000E-7
3890.094501,113.840000,0.099227,9.922700E-6,0.025830,2.563000E-7
3900.707108,114.020000,0.099224,9.922400E-6,0.025851,2.565000E-7
3911.290713,114.200000,0.099228,9.922800E-6,0.025991,2.579000E-7
3921.906320,114.380000,0.099223,9.922300E-6,0.025881,2.568000E-7
3932.472925,114.560000,0.099227,9.922700E-6,0.025930,2.573000E-7
3943.093532,114.730000,0.099225,9.922500E-6,0.025860,2.566000E-7
3953.673137,114.910000,0.099225,9.922500E-6,0.026032,2.583000E-7
3964.285744,115.090000,0.099225,9.922500E-6,0.025729,2.553000E-7
3974.862350,115.260000,0.099227,9.922700E-6,0.025920,2.572000E-7
3985.471956,115.440000,0.099227,9.922700E-6,0.026072,2.587000E-7
3996.059562,115.620000,0.099226,9.922600E-6,0.025659,2.546000E-7
4006.659168,115.790000,0.099221,9.922100E-6,0.026224,2.602000E-7
4017.270775,115.970000,0.099228,9.922800E-6,0.026182,2.598000E-7
4027.886382,116.140000,0.099226,9.922600E-6,0.026193,2.599000E-7
4038.460987,116.320000,0.099229,9.922900E-6,0.026313,2.611000E-7
4049.086595,116.490000,0.099226,9.922600E-6,0.026162,2.596000E-7
4059.660199,116.670000,0.099227,9.922700E-6,0.026203,2.600000E-7
4070.286807,116.840000,0.099226,9.922600E-6,0.026273,2.607000E-7
4080.885414,117.020000,0.099228,9.922800E-6,0.026404,2.620000E-7
4091.488020,117.200000,0.099224,9.922400E-6,0.026486,2.628000E-7
4102.073625,117.380000,0.099231,9.923100E-6,0.026383,2.618000E-7
4112.688233,117.550000,0.099226,9.922600E-6,0.026384,2.618000E-7
4123.274837,117.730000,0.099229,9.922900E-6,0.026454,2.625000E-7
4133.874444,117.910000,0.099224,9.922400E-6,0.026304,2.610000E-7
4144.474051,118.080000,0.099227,9.922700E-6,0.026485,2.628000E-7
4155.088657,118.260000,0.099224,9.922400E-6,0.026455,2.625000E-7
4165.675263,118.440000,0.099226,9.922600E-6,0.026535,2.633000E-7
4176.297871,118.610000,0.099223,9.922300E-6,0.026576,2.637000E-7
4186.888476,118.790000,0.099226,9.922600E-6,0.026495,2.629000E-7
4197.490082,118.970000,0.099222,9.922200E-6,0.026678,2.647000E-7
4208.049686,119.140000,0.099225,9.922500E-6,0.026687,2.648000E-7
4218.662293,119.320000,0.099219,9.921900E-6,0.026517,2.631000E-7
4229.233899,119.500000,0.099225,9.922500E-6,0.026415,2.621000E-7
4239.849505,119.680000,0.099222,9.922200E-6,0.026476,2.627000E-7
4250.449112,119.860000,0.099223,9.922300E-6,0.026718,2.651000E-7
4261.060719,120.040000,0.099222,9.922200E-6,0.026839,2.663000E-7
4271.649324,120.210000,0.099226,9.922600E-6,0.026747,2.654000E-7
4282.262931,120.390000,0.099223,9.922300E-6,0.026959,2.675000E-7
4292.825535,120.560000,0.099225,9.922500E-6,0.026788,2.658000E-7
4303.449143,120.740000,0.099221,9.922100E-6,0.026728,2.652000E-7
4314.018748,120.920000,0.099223,9.922300E-6,0.026939,2.673000E-7
4324.636355,121.090000,0.099224,9.922400E-6,0.026768,2.656000E-7
4335.198959,121.270000,0.099224,9.922400E-6,0.026838,2.663000E-7
4345.815567,121.450000,0.099223,9.922300E-6,0.027181,2.697000E-7
4356.409172,121.620000,0.099224,9.922400E-6,0.026939,2.673000E-7
4367.016779,121.800000,0.099222,9.922200E-6,0.026970,2.676000E-7
4377.597384,121.980000,0.099224,9.922400E-6,0.027100,2.689000E-7
4388.226992,122.150000,0.099223,9.922300E-6,0.026909,2.670000E-7
4398.800597,122.330000,0.099222,9.922200E-6,0.027161,2.695000E-7
4409.425205,122.510000,0.099222,9.922200E-6,0.024601,2.441000E-7
4419.995810,122.680000,0.099225,9.922500E-6,0.027029,2.682000E-7
4430.607416,122.860000,0.099223,9.922300E-6,0.026990,2.678000E-7
4441.191021,123.030000,0.099226,9.922600E-6,0.027241,2.703000E-7
4451.801629,123.210000,0.099222,9.922200E-6,0.027222,2.701000E-7
4462.392234,123.390000,0.099226,9.922600E-6,0.027231,2.702000E-7
4472.994841,123.560000,0.099223,9.922300E-6,0.026980,2.677000E-7
4483.592447,123.740000,0.099226,9.922600E-6,0.027130,2.692000E-7
4494.194054,123.920000,0.099223,9.922300E-6,0.027141,2.693000E-7
4504.765657,124.090000,0.099224,9.922400E-6,0.027191,2.698000E-7
4515.394266,124.270000,0.099222,9.922200E-6,0.027061,2.685000E-7
4525.978871,124.450000,0.099225,9.922500E-6,0.027332,2.712000E-7
4536.580478,124.620000,0.099215,9.921500E-6,0.027425,2.721000E-7
4547.155082,124.800000,0.099223,9.922300E-6,0.027433,2.722000E-7
4557.780690,124.980000,0.099223,9.922300E-6,0.027161,2.695000E-7
4568.351295,125.150000,0.099222,9.922200E-6,0.027343,2.713000E-7
4578.968903,125.330000,0.099221,9.922100E-6,0.027424,2.721000E-7
4589.540506,125.510000,0.099223,9.922300E-6,0.027504,2.729000E-7
4600.167114,125.680000,0.099224,9.922400E-6,0.027372,2.716000E-7
4610.753720,125.860000,0.099224,9.922400E-6,0.027574,2.736000E-7
4621.354326,126.040000,0.099218,9.921800E-6,0.027414,2.720000E-7
4631.916930,126.210000,0.099223,9.922300E-6,0.027473,2.726000E-7
4642.554539,126.390000,0.099223,9.922300E-6,0.027554,2.734000E-7
4653.139145,126.570000,0.099221,9.922100E-6,0.027595,2.738000E-7
4663.737751,126.740000,0.099220,9.922000E-6,0.027706,2.749000E-7
4674.331357,126.920000,0.099221,9.922100E-6,0.027575,2.736000E-7
4684.965965,127.100000,0.099220,9.922000E-6,0.027625,2.741000E-7
4695.521569,127.270000,0.099222,9.922200E-6,0.027585,2.737000E-7
4706.135175,127.450000,0.099220,9.922000E-6,0.027837,2.762000E-7
4716.722782,127.630000,0.099222,9.922200E-6,0.027675,2.746000E-7
4727.325388,127.800000,0.099219,9.921900E-6,0.027545,2.733000E-7
4737.902993,127.980000,0.099222,9.922200E-6,0.027917,2.770000E-7
4748.532601,128.160000,0.099219,9.921900E-6,0.027666,2.745000E-7
4759.117206,128.330000,0.099222,9.922200E-6,0.027756,2.754000E-7
4769.755815,128.510000,0.099221,9.922100E-6,0.027736,2.752000E-7
4780.368422,128.690000,0.099224,9.922400E-6,0.027755,2.754000E-7
4790.971028,128.860000,0.099223,9.922300E-6,0.027877,2.766000E-7
4801.583635,129.040000,0.099222,9.922200E-6,0.028290,2.807000E-7
4812.182241,129.210000,0.099223,9.922300E-6,0.028008,2.779000E-7
4822.794848,129.390000,0.099215,9.921500E-6,0.027949,2.773000E-7
4833.370453,129.560000,0.099221,9.922100E-6,0.027928,2.771000E-7
4843.984060,129.740000,0.099220,9.922000E-6,0.027898,2.768000E-7
4854.570666,129.920000,0.099224,9.922400E-6,0.028038,2.782000E-7
4865.173272,130.090000,0.099223,9.922300E-6,0.027947,2.773000E-7
4875.737876,130.270000,0.099221,9.922100E-6,0.028139,2.792000E-7
4886.369484,130.450000,0.099223,9.922300E-6,0.027927,2.771000E-7
4896.984091,130.620000,0.099221,9.922100E-6,0.028069,2.785000E-7
4907.596698,130.800000,0.099223,9.922300E-6,0.028330,2.811000E-7
4918.224307,130.980000,0.099214,9.921400E-6,0.028040,2.782000E-7
4928.799911,131.160000,0.099224,9.922400E-6,0.027977,2.776000E-7
4939.416518,131.330000,0.099220,9.922000E-6,0.028150,2.793000E-7
4949.987123,131.510000,0.099224,9.922400E-6,0.028179,2.796000E-7
4960.600730,131.690000,0.099213,9.921300E-6,0.028232,2.801000E-7
4971.184335,131.860000,0.099224,9.922400E-6,0.028229,2.801000E-7
4981.799942,132.040000,0.099222,9.922200E-6,0.028270,2.805000E-7
4992.400549,132.220000,0.099222,9.922200E-6,0.028310,2.809000E-7
5003.012156,132.390000,0.099219,9.921900E-6,0.028331,2.811000E-7
5013.573760,132.570000,0.099220,9.922000E-6,0.028230,2.801000E-7
5024.200368,132.750000,0.099217,9.921700E-6,0.028503,2.828000E-7
5034.773973,132.920000,0.099222,9.922200E-6,0.028411,2.819000E-7
5045.400581,133.100000,0.099222,9.922200E-6,0.028280,2.806000E-7
5055.962185,133.280000,0.099219,9.921900E-6,0.028291,2.807000E-7
5066.574791,133.460000,0.099211,9.921100E-6,0.028525,2.830000E-7
5077.149396,133.630000,0.099220,9.922000E-6,0.028281,2.806000E-7
5087.775004,133.810000,0.099216,9.921600E-6,0.028453,2.823000E-7
5098.361609,133.990000,0.099221,9.922100E-6,0.028371,2.815000E-7
5108.975217,134.170000,0.099221,9.922100E-6,0.028442,2.822000E-7
5119.534821,134.340000,0.099218,9.921800E-6,0.028584,2.836000E-7
5130.159428,134.520000,0.099216,9.921600E-6,0.028524,2.830000E-7
5140.742033,134.690000,0.099220,9.922000E-6,0.028583,2.836000E-7
5151.350641,134.870000,0.099216,9.921600E-6,0.028655,2.843000E-7
5161.921245,135.050000,0.099218,9.921800E-6,0.028825,2.860000E-7
5172.522851,135.220000,0.099211,9.921100E-6,0.028646,2.842000E-7
5183.132458,135.400000,0.099221,9.922100E-6,0.028643,2.842000E-7
5193.732065,135.580000,0.099218,9.921800E-6,0.028876,2.865000E-7
5204.318670,135.750000,0.099218,9.921800E-6,0.028866,2.864000E-7
5214.931277,135.930000,0.099217,9.921700E-6,0.029068,2.884000E-7
5225.516882,136.100000,0.099222,9.922200E-6,0.029046,2.882000E-7
5236.117489,136.280000,0.099220,9.922000E-6,0.028754,2.853000E-7
5246.705094,136.460000,0.099223,9.922300E-6,0.028794,2.857000E-7
5257.307701,136.640000,0.099219,9.921900E-6,0.028795,2.857000E-7
5267.891306,136.810000,0.099222,9.922200E-6,0.028834,2.861000E-7
5278.524914,136.990000,0.099218,9.921800E-6,0.028896,2.867000E-7
5289.103519,137.170000,0.099224,9.922400E-6,0.028723,2.850000E-7
5299.716126,137.340000,0.099221,9.922100E-6,0.028935,2.871000E-7
5310.316733,137.520000,0.099220,9.922000E-6,0.028835,2.861000E-7
5320.919339,137.700000,0.099218,9.921800E-6,0.029138,2.891000E-7
5331.505945,137.870000,0.099219,9.921900E-6,0.029077,2.885000E-7
5342.106551,138.050000,0.099219,9.921900E-6,0.029037,2.881000E-7
5352.679156,138.230000,0.099222,9.922200E-6,0.029096,2.887000E-7
5363.307764,138.400000,0.099220,9.922000E-6,0.028895,2.867000E-7
5373.907371,138.580000,0.099219,9.921900E-6,0.029037,2.881000E-7
5384.513977,138.760000,0.099220,9.922000E-6,0.029198,2.897000E-7
5395.116583,138.930000,0.099220,9.922000E-6,0.029087,2.886000E-7
5405.707189,139.110000,0.099220,9.922000E-6,0.029137,2.891000E-7
5416.320796,139.290000,0.099213,9.921300E-6,0.029361,2.913000E-7
5426.895401,139.460000,0.099220,9.922000E-6,0.029288,2.906000E-7
5437.515008,139.640000,0.099217,9.921700E-6,0.029047,2.882000E-7
5448.082613,139.820000,0.099218,9.921800E-6,0.029269,2.904000E-7
5458.715221,139.990000,0.099218,9.921800E-6,0.029269,2.904000E-7
5469.281825,140.170000,0.099218,9.921800E-6,0.029138,2.891000E-7
5479.894432,140.350000,0.099218,9.921800E-6,0.029098,2.887000E-7
5490.482038,140.520000,0.099217,9.921700E-6,0.029138,2.891000E-7
5501.106646,140.700000,0.099217,9.921700E-6,0.029471,2.924000E-7
5511.709252,140.880000,0.099217,9.921700E-6,0.029138,2.891000E-7
5522.311858,141.050000,0.099216,9.921600E-6,0.029380,2.915000E-7
5532.913465,141.230000,0.099217,9.921700E-6,0.028543,2.832000E-7
5543.510070,141.410000,0.099217,9.921700E-6,0.029430,2.920000E-7
5554.109677,141.580000,0.099210,9.921000E-6,0.029523,2.929000E-7
5564.684282,141.760000,0.099215,9.921500E-6,0.029552,2.932000E-7
5575.310890,141.940000,0.099213,9.921300E-6,0.029401,2.917000E-7
5585.896495,142.110000,0.099215,9.921500E-6,0.029401,2.917000E-7
5596.518103,142.290000,0.099213,9.921300E-6,0.029603,2.937000E-7
5607.083707,142.470000,0.099216,9.921600E-6,0.029572,2.934000E-7
5617.698314,142.640000,0.099214,9.921400E-6,0.029693,2.946000E-7
5628.283919,142.820000,0.099216,9.921600E-6,0.029673,2.944000E-7
5638.916527,143.000000,0.099216,9.921600E-6,0.029642,2.941000E-7
5649.484132,143.170000,0.099217,9.921700E-6,0.029612,2.938000E-7
5660.111740,143.350000,0.099217,9.921700E-6,0.029753,2.952000E-7
5670.698346,143.530000,0.099217,9.921700E-6,0.029834,2.960000E-7
5681.311953,143.700000,0.099217,9.921700E-6,0.029773,2.954000E-7
5691.911559,143.880000,0.099217,9.921700E-6,0.029612,2.938000E-7
5702.516166,144.050000,0.099219,9.921900E-6,0.029762,2.953000E-7
5713.115772,144.230000,0.099217,9.921700E-6,0.029864,2.963000E-7
5723.712378,144.410000,0.099218,9.921800E-6,0.030005,2.977000E-7
5734.319985,144.580000,0.099210,9.921000E-6,0.029795,2.956000E-7
5744.899590,144.760000,0.099219,9.921900E-6,0.029954,2.972000E-7
5755.518197,144.940000,0.099216,9.921600E-6,0.029884,2.965000E-7
5766.098803,145.120000,0.099218,9.921800E-6,0.030035,2.980000E-7
5776.701409,145.290000,0.099210,9.921000E-6,0.029997,2.976000E-7
5787.288013,145.470000,0.099217,9.921700E-6,0.029793,2.956000E-7
5797.899621,145.650000,0.099217,9.921700E-6,0.030146,2.991000E-7
5808.487226,145.820000,0.099217,9.921700E-6,0.029854,2.962000E-7
5819.114834,146.000000,0.099215,9.921500E-6,0.030116,2.988000E-7
5829.674438,146.170000,0.099216,9.921600E-6,0.030106,2.987000E-7
5840.301046,146.350000,0.099215,9.921500E-6,0.030177,2.994000E-7
5850.887652,146.530000,0.099215,9.921500E-6,0.030207,2.997000E-7
5861.489258,146.710000,0.099216,9.921600E-6,0.029894,2.966000E-7
5872.056862,146.880000,0.099218,9.921800E-6,0.030105,2.987000E-7
5882.657469,147.060000,0.099207,9.920700E-6,0.029998,2.976000E-7
5893.230073,147.230000,0.099217,9.921700E-6,0.030136,2.990000E-7
5903.845681,147.410000,0.099215,9.921500E-6,0.030187,2.995000E-7
5914.436286,147.590000,0.099214,9.921400E-6,0.030177,2.994000E-7
5925.041893,147.760000,0.099214,9.921400E-6,0.030258,3.002000E-7
5935.625498,147.940000,0.099214,9.921400E-6,0.030228,2.999000E-7
5946.233105,148.120000,0.099213,9.921300E-6,0.030309,3.007000E-7
5956.819710,148.300000,0.099215,9.921500E-6,0.030016,2.978000E-7
5967.423317,148.470000,0.099213,9.921300E-6,0.030147,2.991000E-7
5977.988922,148.650000,0.099215,9.921500E-6,0.030247,3.001000E-7
5988.616529,148.830000,0.099213,9.921300E-6,0.030591,3.035000E-7
5999.203135,149.000000,0.099213,9.921300E-6,0.030379,3.014000E-7
6009.802741,149.180000,0.099212,9.921200E-6,0.030420,3.018000E-7
6020.403347,149.360000,0.099213,9.921300E-6,0.030429,3.019000E-7
6031.016954,149.530000,0.099214,9.921400E-6,0.030510,3.027000E-7
6041.630562,149.710000,0.099211,9.921100E-6,0.030622,3.038000E-7
6052.242169,149.890000,0.099213,9.921300E-6,0.030500,3.026000E-7
6062.844775,150.040000,0.099213,9.921300E-6,0.030550,3.031000E-7
6073.438381,150.070000,0.099213,9.921300E-6,0.030591,3.035000E-7
6084.041987,150.070000,0.099206,9.920600E-6,0.030613,3.037000E-7
6094.617592,150.070000,0.099212,9.921200E-6,0.030793,3.055000E-7
6105.220199,150.070000,0.099208,9.920800E-6,0.030582,3.034000E-7
6115.790803,150.070000,0.099212,9.921200E-6,0.030853,3.061000E-7
6126.417411,150.060000,0.099212,9.921200E-6,0.030883,3.064000E-7
6137.006017,150.060000,0.099215,9.921500E-6,0.030721,3.048000E-7
6147.606623,150.060000,0.099212,9.921200E-6,0.030823,3.058000E-7
6158.191228,150.060000,0.099216,9.921600E-6,0.030539,3.030000E-7
6168.805836,150.050000,0.099215,9.921500E-6,0.030862,3.062000E-7
6179.378440,150.110000,0.099211,9.921100E-6,0.030662,3.042000E-7
6189.994047,150.270000,0.099211,9.921100E-6,0.030561,3.032000E-7
6200.579653,150.440000,0.099214,9.921400E-6,0.030772,3.053000E-7
6211.206261,150.620000,0.099211,9.921100E-6,0.030934,3.069000E-7
6221.793867,150.800000,0.099215,9.921500E-6,0.030691,3.045000E-7
6232.408473,150.980000,0.099206,9.920600E-6,0.030825,3.058000E-7
6242.994079,151.160000,0.099214,9.921400E-6,0.030903,3.066000E-7
6253.640688,151.340000,0.099215,9.921500E-6,0.030641,3.040000E-7
6264.243294,151.520000,0.099215,9.921500E-6,0.030711,3.047000E-7
6274.842901,151.700000,0.099213,9.921300E-6,0.030833,3.059000E-7
6285.433506,151.880000,0.099211,9.921100E-6,0.030944,3.070000E-7
6296.054113,152.050000,0.099213,9.921300E-6,0.030913,3.067000E-7
6306.681722,152.230000,0.099212,9.921200E-6,0.030914,3.067000E-7
6317.281328,152.410000,0.099213,9.921300E-6,0.030893,3.065000E-7
6327.909936,152.590000,0.099213,9.921300E-6,0.031125,3.088000E-7
6338.496542,152.760000,0.099212,9.921200E-6,0.030964,3.072000E-7
6349.110148,152.940000,0.099207,9.920700E-6,0.030955,3.071000E-7
6359.682753,153.110000,0.099211,9.921100E-6,0.031005,3.076000E-7
6370.310361,153.290000,0.099210,9.921000E-6,0.030914,3.067000E-7
6380.882966,153.470000,0.099210,9.921000E-6,0.031126,3.088000E-7
6391.529574,153.640000,0.099212,9.921200E-6,0.031226,3.098000E-7
6402.134181,153.820000,0.099210,9.921000E-6,0.030955,3.071000E-7
6412.741788,154.000000,0.099210,9.921000E-6,0.031035,3.079000E-7
6423.343394,154.170000,0.099209,9.920900E-6,0.031146,3.090000E-7
6433.942001,154.350000,0.099209,9.920900E-6,0.031277,3.103000E-7
6444.562608,154.530000,0.099209,9.920900E-6,0.031126,3.088000E-7
6455.159214,154.700000,0.099209,9.920900E-6,0.031237,3.099000E-7
6465.760820,154.880000,0.099210,9.921000E-6,0.031126,3.088000E-7
6476.358427,155.060000,0.099209,9.920900E-6,0.031086,3.084000E-7
6486.983035,155.240000,0.099208,9.920800E-6,0.031258,3.101000E-7
6497.581641,155.410000,0.099209,9.920900E-6,0.031338,3.109000E-7
6508.185247,155.590000,0.099200,9.920000E-6,0.031331,3.108000E-7
6518.760852,155.770000,0.099210,9.921000E-6,0.031398,3.115000E-7
6529.362458,155.940000,0.099208,9.920800E-6,0.031106,3.086000E-7
6539.944063,156.120000,0.099211,9.921100E-6,0.031549,3.130000E-7
6550.559670,156.300000,0.099195,9.919500E-6,0.031403,3.115000E-7
6561.184278,156.470000,0.099212,9.921200E-6,0.031508,3.126000E-7
6571.827887,156.650000,0.099212,9.921200E-6,0.031539,3.129000E-7
6582.442494,156.830000,0.099212,9.921200E-6,0.031367,3.112000E-7
6593.065102,157.010000,0.099212,9.921200E-6,0.031307,3.106000E-7
6603.671709,157.180000,0.099212,9.921200E-6,0.031690,3.144000E-7
6614.253314,157.360000,0.099212,9.921200E-6,0.031508,3.126000E-7
6624.850920,157.540000,0.099213,9.921300E-6,0.031447,3.120000E-7
6635.455526,157.710000,0.099215,9.921500E-6,0.031447,3.120000E-7
6646.069134,157.890000,0.099204,9.920400E-6,0.031350,3.110000E-7
6656.657739,158.070000,0.099215,9.921500E-6,0.031588,3.134000E-7
6667.316349,158.240000,0.099215,9.921500E-6,0.031608,3.136000E-7
6677.947957,158.420000,0.099215,9.921500E-6,0.031427,3.118000E-7
6688.548563,158.600000,0.099213,9.921300E-6,0.031629,3.138000E-7
6699.155169,158.770000,0.099215,9.921500E-6,0.031568,3.132000E-7
6709.735775,158.950000,0.099214,9.921400E-6,0.031830,3.158000E-7
6720.386384,159.130000,0.099193,9.919300E-6,0.031787,3.153000E-7
6731.015992,159.310000,0.099212,9.921200E-6,0.031659,3.141000E-7
6741.634599,159.480000,0.099212,9.921200E-6,0.031589,3.134000E-7
6752.239206,159.660000,0.099210,9.921000E-6,0.031711,3.146000E-7
6762.829812,159.840000,0.099212,9.921200E-6,0.031901,3.165000E-7
6773.458420,160.010000,0.099211,9.921100E-6,0.031821,3.157000E-7
6784.055026,160.190000,0.099211,9.921100E-6,0.031801,3.155000E-7
6794.665633,160.370000,0.099211,9.921100E-6,0.031882,3.163000E-7
6805.288240,160.540000,0.099211,9.921100E-6,0.031912,3.166000E-7
6815.891847,160.720000,0.099211,9.921100E-6,0.032093,3.184000E-7
6826.489453,160.900000,0.099212,9.921200E-6,0.031922,3.167000E-7
6837.118061,161.070000,0.099210,9.921000E-6,0.032043,3.179000E-7
6847.688665,161.250000,0.099209,9.920900E-6,0.031933,3.168000E-7
6858.335274,161.430000,0.099207,9.920700E-6,0.032115,3.186000E-7
6868.936881,161.600000,0.099210,9.921000E-6,0.032144,3.189000E-7
6879.566489,161.780000,0.099210,9.921000E-6,0.032104,3.185000E-7
6890.203097,161.960000,0.099192,9.919200E-6,0.032069,3.181000E-7
6900.805703,162.140000,0.099210,9.921000E-6,0.032144,3.189000E-7
6911.403310,162.310000,0.099202,9.920200E-6,0.032157,3.190000E-7
6921.974915,162.490000,0.099209,9.920900E-6,0.032306,3.205000E-7
6932.607522,162.670000,0.099208,9.920800E-6,0.032316,3.206000E-7
6943.232131,162.840000,0.099208,9.920800E-6,0.032235,3.198000E-7
6953.835737,163.020000,0.099208,9.920800E-6,0.032205,3.195000E-7
6964.472345,163.200000,0.099200,9.920000E-6,0.032228,3.197000E-7
6975.054950,163.380000,0.099207,9.920700E-6,0.032125,3.187000E-7
6985.670557,163.550000,0.099198,9.919800E-6,0.032087,3.183000E-7
6996.252162,163.730000,0.099210,9.921000E-6,0.032346,3.209000E-7
7006.905772,163.910000,0.099211,9.921100E-6,0.032446,3.219000E-7
7017.531380,164.080000,0.099209,9.920900E-6,0.032316,3.206000E-7
7028.121985,164.260000,0.099209,9.920900E-6,0.032447,3.219000E-7
7038.737593,164.440000,0.099201,9.920100E-6,0.032369,3.211000E-7
7049.334199,164.610000,0.099211,9.921100E-6,0.032486,3.223000E-7
7059.951807,164.790000,0.099208,9.920800E-6,0.032528,3.227000E-7
7070.548412,164.970000,0.099211,9.921100E-6,0.032416,3.216000E-7
7081.165019,165.140000,0.099211,9.921100E-6,0.032456,3.220000E-7
7091.761626,165.320000,0.099210,9.921000E-6,0.032638,3.238000E-7
7102.393234,165.500000,0.099210,9.921000E-6,0.032456,3.220000E-7
7113.006841,165.670000,0.099209,9.920900E-6,0.032457,3.220000E-7
7123.622448,165.850000,0.099209,9.920900E-6,0.032537,3.228000E-7
7134.262057,166.030000,0.099209,9.920900E-6,0.032648,3.239000E-7
7144.875663,166.200000,0.099208,9.920800E-6,0.032659,3.240000E-7
7155.494271,166.380000,0.099209,9.920900E-6,0.032709,3.245000E-7
7166.120878,166.560000,0.099209,9.920900E-6,0.032709,3.245000E-7
7176.722485,166.740000,0.099208,9.920800E-6,0.032689,3.243000E-7
7187.323091,166.910000,0.099209,9.920900E-6,0.032820,3.256000E-7
7197.923697,167.090000,0.099208,9.920800E-6,0.032911,3.265000E-7
7208.569306,167.270000,0.099207,9.920700E-6,0.032820,3.256000E-7
7219.156912,167.440000,0.099208,9.920800E-6,0.032860,3.260000E-7
7229.792521,167.620000,0.099207,9.920700E-6,0.032709,3.245000E-7
7240.410128,167.800000,0.099207,9.920700E-6,0.032719,3.246000E-7
7251.022735,167.970000,0.099206,9.920600E-6,0.033042,3.278000E-7
7261.637341,168.150000,0.099190,9.919000E-6,0.033048,3.278000E-7
7272.235948,168.330000,0.099207,9.920700E-6,0.033002,3.274000E-7
7282.838554,168.500000,0.099201,9.920100E-6,0.033024,3.276000E-7
7293.424160,168.680000,0.099207,9.920700E-6,0.032982,3.272000E-7
7304.064769,168.860000,0.099205,9.920500E-6,0.033083,3.282000E-7
7314.696377,169.030000,0.099204,9.920400E-6,0.033023,3.276000E-7
7325.308984,169.210000,0.099204,9.920400E-6,0.033083,3.282000E-7
7335.911591,169.390000,0.099205,9.920500E-6,0.033214,3.295000E-7
7346.512197,169.570000,0.099204,9.920400E-6,0.033224,3.296000E-7
7357.127804,169.740000,0.099195,9.919500E-6,0.033369,3.310000E-7
7367.709409,169.920000,0.099204,9.920400E-6,0.033134,3.287000E-7
7378.340017,170.100000,0.099203,9.920300E-6,0.033053,3.279000E-7
7388.960625,170.270000,0.099204,9.920400E-6,0.033104,3.284000E-7
7399.563231,170.450000,0.099203,9.920300E-6,0.033134,3.287000E-7
7410.179838,170.620000,0.099198,9.919800E-6,0.033196,3.293000E-7
7420.764443,170.800000,0.099204,9.920400E-6,0.033275,3.301000E-7
7431.369051,170.980000,0.099195,9.919500E-6,0.033187,3.292000E-7
7441.940654,171.150000,0.099204,9.920400E-6,0.033497,3.323000E-7
7452.568263,171.330000,0.099201,9.920100E-6,0.033548,3.328000E-7
7463.142867,171.510000,0.099202,9.920200E-6,0.033407,3.314000E-7
7473.747474,171.680000,0.099205,9.920500E-6,0.033325,3.306000E-7
7484.356081,171.860000,0.099206,9.920600E-6,0.033335,3.307000E-7
7494.974688,172.030000,0.099204,9.920400E-6,0.033295,3.303000E-7
7505.573295,172.210000,0.099205,9.920500E-6,0.033355,3.309000E-7
7516.212903,172.390000,0.099206,9.920600E-6,0.032559,3.230000E-7
7526.841511,172.570000,0.099190,9.919000E-6,0.034247,3.397000E-7
7537.468118,172.740000,0.099205,9.920500E-6,0.033698,3.343000E-7
7548.066725,172.920000,0.099204,9.920400E-6,0.033688,3.342000E-7
7558.648330,173.100000,0.099207,9.920700E-6,0.033627,3.336000E-7
7569.283938,173.270000,0.099204,9.920400E-6,0.033567,3.330000E-7
7579.860543,173.450000,0.099205,9.920500E-6,0.033758,3.349000E-7
7590.477150,173.630000,0.099198,9.919800E-6,0.033841,3.357000E-7
7601.051755,173.800000,0.099205,9.920500E-6,0.033748,3.348000E-7
7611.683363,173.980000,0.099204,9.920400E-6,0.033618,3.335000E-7
7622.268969,174.160000,0.099206,9.920600E-6,0.033839,3.357000E-7
7632.871575,174.330000,0.099207,9.920700E-6,0.033768,3.350000E-7
7643.478182,174.510000,0.099206,9.920600E-6,0.034020,3.375000E-7
7654.072788,174.690000,0.099205,9.920500E-6,0.033849,3.358000E-7
7664.715397,174.870000,0.099205,9.920500E-6,0.034010,3.374000E-7
7675.315003,175.040000,0.099204,9.920400E-6,0.033940,3.367000E-7
7685.930610,175.220000,0.099199,9.919900E-6,0.033791,3.352000E-7
7696.516215,175.400000,0.099203,9.920300E-6,0.033930,3.366000E-7
7707.168825,175.570000,0.099205,9.920500E-6,0.034131,3.386000E-7
7717.769431,175.750000,0.099204,9.920400E-6,0.033920,3.365000E-7
7728.386038,175.930000,0.099201,9.920100E-6,0.034052,3.378000E-7
7739.040648,176.100000,0.099196,9.919600E-6,0.034245,3.397000E-7
7749.631254,176.280000,0.099203,9.920300E-6,0.034162,3.389000E-7
7760.269862,176.460000,0.099203,9.920300E-6,0.034162,3.389000E-7
7770.902471,176.640000,0.099201,9.920100E-6,0.034244,3.397000E-7
7781.501077,176.810000,0.099202,9.920200E-6,0.033991,3.372000E-7
7792.132685,176.990000,0.099204,9.920400E-6,0.034232,3.396000E-7
7802.745292,177.170000,0.099203,9.920300E-6,0.034283,3.401000E-7
7813.346898,177.340000,0.099201,9.920100E-6,0.034153,3.388000E-7
7823.969506,177.520000,0.099202,9.920200E-6,0.034435,3.416000E-7
7834.580113,177.700000,0.099200,9.920000E-6,0.034385,3.411000E-7
7845.202720,177.880000,0.099200,9.920000E-6,0.034546,3.427000E-7
7855.831328,178.050000,0.099201,9.920100E-6,0.034385,3.411000E-7
7866.432934,178.230000,0.099201,9.920100E-6,0.034354,3.408000E-7
7877.045542,178.410000,0.099202,9.920200E-6,0.034384,3.411000E-7
7887.677150,178.580000,0.099201,9.920100E-6,0.034516,3.424000E-7
7898.306757,178.760000,0.099201,9.920100E-6,0.034264,3.399000E-7
7908.886363,178.940000,0.099200,9.920000E-6,0.034405,3.413000E-7
7919.547972,179.120000,0.099202,9.920200E-6,0.034586,3.431000E-7
7930.164579,179.290000,0.099202,9.920200E-6,0.034515,3.424000E-7
7940.771186,179.470000,0.099205,9.920500E-6,0.034585,3.431000E-7
7951.386794,179.650000,0.099202,9.920200E-6,0.034485,3.421000E-7
7961.990400,179.820000,0.099201,9.920100E-6,0.034818,3.454000E-7
7972.605007,180.000000,0.099202,9.920200E-6,0.035130,3.485000E-7
7983.203614,180.180000,0.099203,9.920300E-6,0.034807,3.453000E-7
7993.820220,180.360000,0.099200,9.920000E-6,0.034677,3.440000E-7
8004.405826,180.530000,0.099203,9.920300E-6,0.034586,3.431000E-7
8015.047434,180.710000,0.099202,9.920200E-6,0.034808,3.453000E-7
8025.678042,180.880000,0.099203,9.920300E-6,0.034918,3.464000E-7
8036.278649,181.060000,0.099204,9.920400E-6,0.034726,3.445000E-7
8046.872255,181.240000,0.099186,9.918600E-6,0.034561,3.428000E-7
8057.521864,181.420000,0.099205,9.920500E-6,0.035008,3.473000E-7
8068.137471,181.590000,0.099204,9.920400E-6,0.034847,3.457000E-7
8078.779080,181.770000,0.099186,9.918600E-6,0.035035,3.475000E-7
8089.372685,181.950000,0.099204,9.920400E-6,0.034958,3.468000E-7
8099.976292,182.120000,0.099195,9.919500E-6,0.034820,3.454000E-7
8110.565897,182.300000,0.099201,9.920100E-6,0.034828,3.455000E-7
8121.207506,182.480000,0.099201,9.920100E-6,0.034969,3.469000E-7
8131.836114,182.660000,0.099201,9.920100E-6,0.035050,3.477000E-7
8142.456722,182.830000,0.099201,9.920100E-6,0.035100,3.482000E-7
8153.065329,183.010000,0.099200,9.920000E-6,0.035181,3.490000E-7
8163.669935,183.180000,0.099199,9.919900E-6,0.034889,3.461000E-7
8174.265542,183.360000,0.099202,9.920200E-6,0.035151,3.487000E-7
8184.861147,183.540000,0.099202,9.920200E-6,0.035070,3.479000E-7
8195.482755,183.710000,0.099192,9.919200E-6,0.035255,3.497000E-7
8206.052359,183.890000,0.099199,9.919900E-6,0.035444,3.516000E-7
8216.668966,184.070000,0.099193,9.919300E-6,0.035456,3.517000E-7
8227.253572,184.240000,0.099200,9.920000E-6,0.035252,3.497000E-7
8237.877180,184.420000,0.099199,9.919900E-6,0.035141,3.486000E-7
8248.507788,184.600000,0.099199,9.919900E-6,0.035303,3.502000E-7
8259.136396,184.780000,0.099201,9.920100E-6,0.035544,3.526000E-7
8269.769004,184.950000,0.099197,9.919700E-6,0.035233,3.495000E-7
8280.372611,185.130000,0.099196,9.919600E-6,0.035153,3.487000E-7
8291.024219,185.310000,0.099198,9.919800E-6,0.035454,3.517000E-7
8301.663828,185.480000,0.099198,9.919800E-6,0.035384,3.510000E-7
8312.267435,185.660000,0.099199,9.919900E-6,0.035262,3.498000E-7
8322.889042,185.840000,0.099196,9.919600E-6,0.035435,3.515000E-7
8333.496649,186.010000,0.099197,9.919700E-6,0.035606,3.532000E-7
8344.091255,186.190000,0.099199,9.919900E-6,0.035414,3.513000E-7
8354.713862,186.370000,0.099199,9.919900E-6,0.035535,3.525000E-7
8365.326469,186.550000,0.099200,9.920000E-6,0.035595,3.531000E-7
8375.939076,186.720000,0.099192,9.919200E-6,0.035588,3.530000E-7
8386.512681,186.900000,0.099200,9.920000E-6,0.035716,3.543000E-7
8397.126288,187.080000,0.099199,9.919900E-6,0.035696,3.541000E-7
8407.755896,187.250000,0.099199,9.919900E-6,0.035807,3.552000E-7
8418.382504,187.430000,0.099199,9.919900E-6,0.035777,3.549000E-7
8429.012112,187.610000,0.099200,9.920000E-6,0.035645,3.536000E-7
8439.642720,187.780000,0.099201,9.920100E-6,0.035776,3.549000E-7
8450.260327,187.960000,0.099201,9.920100E-6,0.035625,3.534000E-7
8460.887935,188.140000,0.099192,9.919200E-6,0.035668,3.538000E-7
8471.477541,188.310000,0.099202,9.920200E-6,0.035675,3.539000E-7
8482.114150,188.490000,0.099200,9.920000E-6,0.035806,3.552000E-7
8492.755758,188.670000,0.099200,9.920000E-6,0.035877,3.559000E-7
8503.358364,188.850000,0.099203,9.920300E-6,0.035856,3.557000E-7
8513.957971,189.020000,0.099188,9.918800E-6,0.035962,3.567000E-7
8524.583579,189.200000,0.099203,9.920300E-6,0.035654,3.537000E-7
8535.228187,189.380000,0.099200,9.920000E-6,0.035796,3.551000E-7
8545.854795,189.560000,0.099201,9.920100E-6,0.035816,3.553000E-7
8556.456402,189.730000,0.099199,9.919900E-6,0.036150,3.586000E-7
8567.057008,189.910000,0.099199,9.919900E-6,0.035857,3.557000E-7
8577.665615,190.090000,0.099199,9.919900E-6,0.036029,3.574000E-7
8588.315223,190.260000,0.099192,9.919200E-6,0.035961,3.567000E-7
8598.894829,190.440000,0.099197,9.919700E-6,0.036170,3.588000E-7
8609.513436,190.620000,0.099199,9.919900E-6,0.035958,3.567000E-7
8620.145044,190.790000,0.099197,9.919700E-6,0.036019,3.573000E-7
8630.762651,190.970000,0.099198,9.919800E-6,0.035928,3.564000E-7
8641.413261,191.150000,0.099188,9.918800E-6,0.036194,3.590000E-7
8652.015867,191.320000,0.099199,9.919900E-6,0.035998,3.571000E-7
8662.643475,191.500000,0.099199,9.919900E-6,0.036079,3.579000E-7
8673.230081,191.680000,0.099197,9.919700E-6,0.036170,3.588000E-7
8683.844687,191.860000,0.099197,9.919700E-6,0.036100,3.581000E-7
8694.472295,192.030000,0.099197,9.919700E-6,0.036191,3.590000E-7
8705.085902,192.210000,0.099198,9.919800E-6,0.036341,3.605000E-7
8715.692510,192.390000,0.099197,9.919700E-6,0.036241,3.595000E-7
8726.281115,192.560000,0.099197,9.919700E-6,0.035485,3.520000E-7
8736.899723,192.740000,0.099186,9.918600E-6,0.036144,3.585000E-7
8747.482327,192.920000,0.099194,9.919400E-6,0.036282,3.599000E-7
8758.129937,193.090000,0.099195,9.919500E-6,0.036423,3.613000E-7
8768.765545,193.270000,0.099181,9.918100E-6,0.036358,3.606000E-7
8779.398153,193.450000,0.099195,9.919500E-6,0.036423,3.613000E-7
8790.031761,193.630000,0.099194,9.919400E-6,0.036353,3.606000E-7
8800.644368,193.800000,0.099195,9.919500E-6,0.036514,3.622000E-7
8811.272976,193.980000,0.099195,9.919500E-6,0.036443,3.615000E-7
8821.890583,194.160000,0.099187,9.918700E-6,0.036497,3.620000E-7
8832.475189,194.330000,0.099197,9.919700E-6,0.036533,3.624000E-7
8843.099796,194.510000,0.099195,9.919500E-6,0.036564,3.627000E-7
8853.683402,194.690000,0.099197,9.919700E-6,0.036483,3.619000E-7
8864.283008,194.860000,0.099198,9.919800E-6,0.036583,3.629000E-7
8874.931617,195.040000,0.099198,9.919800E-6,0.036714,3.642000E-7
8885.548224,195.220000,0.099197,9.919700E-6,0.036594,3.630000E-7
8896.148830,195.390000,0.099198,9.919800E-6,0.036735,3.644000E-7
8906.747437,195.570000,0.099198,9.919800E-6,0.036704,3.641000E-7
8917.385046,195.750000,0.099195,9.919500E-6,0.036524,3.623000E-7
8927.947649,195.920000,0.099196,9.919600E-6,0.036624,3.633000E-7
8938.562257,196.100000,0.099192,9.919200E-6,0.036888,3.659000E-7
8949.135861,196.280000,0.099195,9.919500E-6,0.036685,3.639000E-7
8959.762470,196.450000,0.099194,9.919400E-6,0.036867,3.657000E-7
8970.362075,196.630000,0.099196,9.919600E-6,0.037088,3.679000E-7
8980.969682,196.810000,0.099186,9.918600E-6,0.036880,3.658000E-7
8991.563288,196.980000,0.099195,9.919500E-6,0.036968,3.667000E-7
9002.163894,197.160000,0.099196,9.919600E-6,0.036907,3.661000E-7
9012.790503,197.340000,0.099195,9.919500E-6,0.037028,3.673000E-7
9023.383108,197.510000,0.099196,9.919600E-6,0.036937,3.664000E-7
9034.007716,197.690000,0.099197,9.919700E-6,0.037098,3.680000E-7
9044.602322,197.870000,0.099198,9.919800E-6,0.037017,3.672000E-7
9055.234930,198.050000,0.099187,9.918700E-6,0.037202,3.690000E-7
9065.800534,198.220000,0.099197,9.919700E-6,0.037098,3.680000E-7
9076.419142,198.400000,0.099187,9.918700E-6,0.037223,3.692000E-7
9086.994746,198.570000,0.099197,9.919700E-6,0.037007,3.671000E-7
9097.602353,198.750000,0.099187,9.918700E-6,0.037081,3.678000E-7
9108.176958,198.930000,0.099193,9.919300E-6,0.037261,3.696000E-7
9118.786565,199.100000,0.099185,9.918500E-6,0.037173,3.687000E-7
9129.365170,199.280000,0.099195,9.919500E-6,0.037290,3.699000E-7
9139.964776,199.460000,0.099196,9.919600E-6,0.037249,3.695000E-7
9150.567382,199.630000,0.099193,9.919300E-6,0.037382,3.708000E-7
9161.172990,199.810000,0.099194,9.919400E-6,0.037119,3.682000E-7
9171.765595,199.990000,0.099195,9.919500E-6,0.037331,3.703000E-7
9182.423205,200.160000,0.099195,9.919500E-6,0.037361,3.706000E-7
9193.036812,200.340000,0.099194,9.919400E-6,0.037452,3.715000E-7
9203.638418,200.520000,0.099193,9.919300E-6,0.037362,3.706000E-7
9214.266026,200.700000,0.099194,9.919400E-6,0.037563,3.726000E-7
9224.865632,200.870000,0.099195,9.919500E-6,0.037441,3.714000E-7
9235.496240,201.050000,0.099193,9.919300E-6,0.037462,3.716000E-7
9246.104847,201.230000,0.099193,9.919300E-6,0.037462,3.716000E-7
9256.724454,201.400000,0.099178,9.917800E-6,0.037539,3.723000E-7
9267.338062,201.580000,0.099194,9.919400E-6,0.037603,3.730000E-7
9277.966670,201.760000,0.099193,9.919300E-6,0.037482,3.718000E-7
9288.566276,201.930000,0.099193,9.919300E-6,0.037745,3.744000E-7
9299.203884,202.110000,0.099194,9.919400E-6,0.037664,3.736000E-7
9309.838492,202.290000,0.099180,9.918000E-6,0.037699,3.739000E-7
9320.467100,202.470000,0.099194,9.919400E-6,0.037684,3.738000E-7
9331.073707,202.640000,0.099187,9.918700E-6,0.037686,3.738000E-7
9341.653312,202.820000,0.099192,9.919200E-6,0.037805,3.750000E-7
9352.282920,203.000000,0.099194,9.919400E-6,0.037724,3.742000E-7
9362.905527,203.170000,0.099193,9.919300E-6,0.037896,3.759000E-7
9373.526135,203.350000,0.099193,9.919300E-6,0.037976,3.767000E-7
9384.129742,203.530000,0.099195,9.919500E-6,0.038046,3.774000E-7
9394.727348,203.700000,0.099196,9.919600E-6,0.037965,3.766000E-7
9405.355956,203.880000,0.099193,9.919300E-6,0.038037,3.773000E-7
9415.956563,204.060000,0.099195,9.919500E-6,0.037976,3.767000E-7
9426.553168,204.230000,0.099196,9.919600E-6,0.037965,3.766000E-7
9437.167775,204.410000,0.099195,9.919500E-6,0.037905,3.760000E-7
9447.789382,204.590000,0.099191,9.919100E-6,0.038118,3.781000E-7
9458.369988,204.760000,0.099194,9.919400E-6,0.037946,3.764000E-7
9469.024598,204.940000,0.099191,9.919100E-6,0.038179,3.787000E-7
9479.668206,205.120000,0.099175,9.917500E-6,0.038014,3.770000E-7
9490.272813,205.300000,0.099192,9.919200E-6,0.038007,3.770000E-7
9500.929422,205.470000,0.099192,9.919200E-6,0.038239,3.793000E-7
9511.570030,205.650000,0.099192,9.919200E-6,0.038158,3.785000E-7
9522.173637,205.830000,0.099190,9.919000E-6,0.038230,3.792000E-7
9532.789244,206.000000,0.099181,9.918100E-6,0.038263,3.795000E-7
9543.370850,206.180000,0.099192,9.919200E-6,0.038541,3.823000E-7
9553.988457,206.360000,0.099189,9.918900E-6,0.038381,3.807000E-7
9564.626066,206.530000,0.099192,9.919200E-6,0.038844,3.853000E-7
9575.243673,206.710000,0.099190,9.919000E-6,0.038341,3.803000E-7
9585.842279,206.890000,0.099190,9.919000E-6,0.038290,3.798000E-7
9596.442885,207.070000,0.099189,9.918900E-6,0.038391,3.808000E-7
9607.072494,207.240000,0.099191,9.919100E-6,0.038431,3.812000E-7
9617.684100,207.420000,0.099192,9.919200E-6,0.038431,3.812000E-7
9628.283706,207.600000,0.099190,9.919000E-6,0.038633,3.832000E-7
9638.896314,207.770000,0.099191,9.919100E-6,0.038542,3.823000E-7
9649.512921,207.950000,0.099191,9.919100E-6,0.038491,3.818000E-7
9660.130528,208.130000,0.099181,9.918100E-6,0.038576,3.826000E-7
9670.743135,208.300000,0.099191,9.919100E-6,0.038360,3.805000E-7
9681.374743,208.480000,0.099192,9.919200E-6,0.038602,3.829000E-7
9691.984350,208.660000,0.099191,9.919100E-6,0.038713,3.840000E-7
9702.629959,208.830000,0.099193,9.919300E-6,0.038894,3.858000E-7
9713.272567,209.010000,0.099186,9.918600E-6,0.038665,3.835000E-7
9723.858173,209.190000,0.099193,9.919300E-6,0.038995,3.868000E-7
9734.517782,209.370000,0.099193,9.919300E-6,0.038854,3.854000E-7
9745.158391,209.550000,0.099176,9.917600E-6,0.038830,3.851000E-7
9755.756998,209.720000,0.099192,9.919200E-6,0.038723,3.841000E-7
9766.374605,209.900000,0.099190,9.919000E-6,0.039036,3.872000E-7
9777.013214,210.070000,0.099193,9.919300E-6,0.038934,3.862000E-7
9787.646821,210.250000,0.099190,9.919000E-6,0.038935,3.862000E-7
9798.271429,210.430000,0.099190,9.919000E-6,0.039127,3.881000E-7
9808.895037,210.610000,0.099192,9.919200E-6,0.039177,3.886000E-7
9819.474642,210.780000,0.099190,9.919000E-6,0.039117,3.880000E-7
9830.085249,210.960000,0.099190,9.919000E-6,0.038986,3.867000E-7
9840.690855,211.140000,0.099191,9.919100E-6,0.039046,3.873000E-7
9851.333464,211.310000,0.099174,9.917400E-6,0.039224,3.890000E-7
9861.947071,211.490000,0.099190,9.919000E-6,0.039087,3.877000E-7
9872.577679,211.670000,0.099189,9.918900E-6,0.039057,3.874000E-7
9883.193286,211.840000,0.099189,9.918900E-6,0.039127,3.881000E-7
9893.794893,212.020000,0.099189,9.918900E-6,0.039208,3.889000E-7
9904.430501,212.200000,0.099173,9.917300E-6,0.039234,3.891000E-7
9915.047108,212.380000,0.099189,9.918900E-6,0.039389,3.907000E-7
9925.636714,212.550000,0.099175,9.917500E-6,0.039355,3.903000E-7
9936.233320,212.730000,0.099188,9.918800E-6,0.039299,3.898000E-7
9946.883930,212.910000,0.099188,9.918800E-6,0.039622,3.930000E-7
9957.509537,213.080000,0.099170,9.917000E-6,0.039518,3.919000E-7
9968.135145,213.260000,0.099187,9.918700E-6,0.039400,3.908000E-7
9978.748752,213.440000,0.099182,9.918200E-6,0.039624,3.930000E-7
9989.309356,213.610000,0.099186,9.918600E-6,0.039471,3.915000E-7
9999.934964,213.790000,0.099186,9.918600E-6,0.039491,3.917000E-7
10010.548571,213.970000,0.099187,9.918700E-6,0.039673,3.935000E-7
10021.148177,214.140000,0.099187,9.918700E-6,0.039521,3.920000E-7
10031.748783,214.320000,0.099187,9.918700E-6,0.039572,3.925000E-7
10042.348390,214.500000,0.099187,9.918700E-6,0.039612,3.929000E-7
10052.960997,214.670000,0.099179,9.917900E-6,0.039656,3.933000E-7
10063.534602,214.850000,0.099187,9.918700E-6,0.039662,3.934000E-7
10074.161209,215.030000,0.099185,9.918500E-6,0.039885,3.956000E-7
10084.748815,215.200000,0.099187,9.918700E-6,0.039804,3.948000E-7
10095.374423,215.380000,0.099187,9.918700E-6,0.039753,3.943000E-7
10105.936027,215.560000,0.099188,9.918800E-6,0.039844,3.952000E-7
10116.562634,215.740000,0.099189,9.918900E-6,0.039803,3.948000E-7
10127.163241,215.910000,0.099187,9.918700E-6,0.039834,3.951000E-7
10137.777848,216.090000,0.099187,9.918700E-6,0.039834,3.951000E-7
10148.393455,216.260000,0.099181,9.918100E-6,0.040048,3.972000E-7
10159.004062,216.440000,0.099189,9.918900E-6,0.040156,3.983000E-7
10169.610669,216.620000,0.099186,9.918600E-6,0.040036,3.971000E-7
10180.193274,216.790000,0.099188,9.918800E-6,0.039934,3.961000E-7
10190.796880,216.970000,0.099188,9.918800E-6,0.040096,3.977000E-7
10201.387486,217.150000,0.099189,9.918900E-6,0.040246,3.992000E-7
10211.991093,217.330000,0.099185,9.918500E-6,0.040127,3.980000E-7
10222.579699,217.500000,0.099187,9.918700E-6,0.040237,3.991000E-7
10233.194305,217.680000,0.099185,9.918500E-6,0.040208,3.988000E-7
10243.763910,217.850000,0.099186,9.918600E-6,0.040167,3.984000E-7
10254.384518,218.030000,0.099184,9.918400E-6,0.040259,3.993000E-7
10264.965122,218.210000,0.099186,9.918600E-6,0.040308,3.998000E-7
10275.587730,218.380000,0.099184,9.918400E-6,0.040359,4.003000E-7
10286.167335,218.560000,0.099185,9.918500E-6,0.040419,4.009000E-7
10296.779943,218.740000,0.099185,9.918500E-6,0.040409,4.008000E-7
10307.383549,218.910000,0.099185,9.918500E-6,0.040440,4.011000E-7
10317.983155,219.090000,0.099184,9.918400E-6,0.040339,4.001000E-7
10328.591762,219.270000,0.099186,9.918600E-6,0.040550,4.022000E-7
10339.182367,219.440000,0.099185,9.918500E-6,0.040671,4.034000E-7
10349.780973,219.620000,0.099177,9.917700E-6,0.040554,4.022000E-7
10360.366579,219.800000,0.099183,9.918300E-6,0.040360,4.003000E-7
10370.991187,219.970000,0.099181,9.918100E-6,0.040532,4.020000E-7
10381.566792,220.150000,0.099183,9.918300E-6,0.040642,4.031000E-7
10392.191399,220.330000,0.099180,9.918000E-6,0.040563,4.023000E-7
10402.781005,220.500000,0.099181,9.918100E-6,0.040814,4.048000E-7
10413.392612,220.680000,0.099180,9.918000E-6,0.040734,4.040000E-7
10423.967217,220.860000,0.099183,9.918300E-6,0.040672,4.034000E-7
10434.587824,221.030000,0.099181,9.918100E-6,0.040724,4.039000E-7
10445.181430,221.210000,0.099185,9.918500E-6,0.040964,4.063000E-7
10455.782037,221.390000,0.099181,9.918100E-6,0.040734,4.040000E-7
10466.385643,221.560000,0.099183,9.918300E-6,0.040945,4.061000E-7
10476.985250,221.740000,0.099181,9.918100E-6,0.041076,4.074000E-7
10487.568854,221.920000,0.099183,9.918300E-6,0.040924,4.059000E-7
10498.168461,222.100000,0.099182,9.918200E-6,0.041036,4.070000E-7
10508.742065,222.270000,0.099184,9.918400E-6,0.040995,4.066000E-7
10519.369674,222.450000,0.099181,9.918100E-6,0.041056,4.072000E-7
10529.940279,222.620000,0.099185,9.918500E-6,0.041145,4.081000E-7
10540.568886,222.800000,0.099183,9.918300E-6,0.041217,4.088000E-7
10551.156492,222.980000,0.099183,9.918300E-6,0.041116,4.078000E-7
10561.758099,223.160000,0.099184,9.918400E-6,0.041216,4.088000E-7
10572.342703,223.330000,0.099185,9.918500E-6,0.041317,4.098000E-7
10582.969311,223.510000,0.099187,9.918700E-6,0.041316,4.098000E-7
10593.583919,223.690000,0.099185,9.918500E-6,0.041115,4.078000E-7
10604.184525,223.860000,0.099186,9.918600E-6,0.041256,4.092000E-7
10614.787131,224.040000,0.099185,9.918500E-6,0.041458,4.112000E-7
10625.384737,224.210000,0.099186,9.918600E-6,0.041357,4.102000E-7
10635.985343,224.390000,0.099177,9.917700E-6,0.041411,4.107000E-7
10646.571949,224.570000,0.099186,9.918600E-6,0.041589,4.125000E-7
10657.184556,224.750000,0.099177,9.917700E-6,0.041592,4.125000E-7
10667.758161,224.920000,0.099185,9.918500E-6,0.041549,4.121000E-7
10678.384769,225.100000,0.099184,9.918400E-6,0.041589,4.125000E-7
10688.985375,225.270000,0.099183,9.918300E-6,0.041660,4.132000E-7
10699.587982,225.450000,0.099183,9.918300E-6,0.041580,4.124000E-7
10710.194588,225.630000,0.099185,9.918500E-6,0.041791,4.145000E-7
10720.786194,225.800000,0.099184,9.918400E-6,0.041690,4.135000E-7
10731.397801,225.980000,0.099176,9.917600E-6,0.041764,4.142000E-7
10741.971406,226.160000,0.099184,9.918400E-6,0.041761,4.142000E-7
10752.592013,226.340000,0.099183,9.918300E-6,0.042074,4.173000E-7
10763.185619,226.510000,0.099183,9.918300E-6,0.041711,4.137000E-7
10773.786226,226.690000,0.099182,9.918200E-6,0.041933,4.159000E-7
10784.373831,226.870000,0.099182,9.918200E-6,0.041923,4.158000E-7
10794.986438,227.040000,0.099179,9.917900E-6,0.041763,4.142000E-7
10805.546041,227.220000,0.099182,9.918200E-6,0.042024,4.168000E-7
10816.173650,227.400000,0.099183,9.918300E-6,0.041802,4.146000E-7
10826.773256,227.570000,0.099183,9.918300E-6,0.042316,4.197000E-7
10837.373862,227.750000,0.099182,9.918200E-6,0.042054,4.171000E-7
10847.960468,227.930000,0.099181,9.918100E-6,0.042135,4.179000E-7
10858.574075,228.100000,0.099181,9.918100E-6,0.042226,4.188000E-7
10869.148680,228.280000,0.099183,9.918300E-6,0.042437,4.209000E-7
10879.760286,228.460000,0.099180,9.918000E-6,0.042216,4.187000E-7
10890.334892,228.630000,0.099185,9.918500E-6,0.042285,4.194000E-7
10900.962499,228.810000,0.099179,9.917900E-6,0.042358,4.201000E-7
10911.546105,228.980000,0.099181,9.918100E-6,0.042427,4.208000E-7
10922.147711,229.160000,0.099181,9.918100E-6,0.042468,4.212000E-7
10932.734317,229.340000,0.099182,9.918200E-6,0.042367,4.202000E-7
10943.347924,229.510000,0.099181,9.918100E-6,0.042538,4.219000E-7
10953.910528,229.690000,0.099182,9.918200E-6,0.042316,4.197000E-7
10964.548136,229.870000,0.099180,9.918000E-6,0.042458,4.211000E-7
10975.116741,230.050000,0.099183,9.918300E-6,0.042689,4.234000E-7
10985.733348,230.220000,0.099180,9.918000E-6,0.042619,4.227000E-7
10996.320954,230.400000,0.099181,9.918100E-6,0.042911,4.256000E-7
11006.925560,230.570000,0.099181,9.918100E-6,0.042659,4.231000E-7
11017.512166,230.750000,0.099185,9.918500E-6,0.042718,4.237000E-7
11028.113772,230.930000,0.099180,9.918000E-6,0.042791,4.244000E-7
11038.692377,231.100000,0.099183,9.918300E-6,0.042669,4.232000E-7
11049.313985,231.280000,0.099181,9.918100E-6,0.042821,4.247000E-7
11059.890590,231.460000,0.099185,9.918500E-6,0.042900,4.255000E-7
11070.526197,231.630000,0.099181,9.918100E-6,0.042891,4.254000E-7
11081.107803,231.810000,0.099182,9.918200E-6,0.042810,4.246000E-7
11091.710410,231.990000,0.099182,9.918200E-6,0.042891,4.254000E-7
11102.307016,232.160000,0.099180,9.918000E-6,0.043053,4.270000E-7
11112.910623,232.340000,0.099181,9.918100E-6,0.042911,4.256000E-7
11123.490227,232.520000,0.099181,9.918100E-6,0.043093,4.274000E-7
11134.091834,232.690000,0.099179,9.917900E-6,0.043074,4.272000E-7
11144.675439,232.870000,0.099181,9.918100E-6,0.043264,4.291000E-7
11155.291047,233.050000,0.099174,9.917400E-6,0.043973,4.361000E-7
11165.863651,233.220000,0.099182,9.918200E-6,0.044353,4.399000E-7
11176.464257,233.400000,0.099173,9.917300E-6,0.044619,4.425000E-7
11187.033862,233.580000,0.099180,9.918000E-6,0.044646,4.428000E-7
11197.651469,233.750000,0.099178,9.917800E-6,0.044828,4.446000E-7
11208.250075,233.930000,0.099181,9.918100E-6,0.044968,4.460000E-7
11218.850682,234.110000,0.099175,9.917500E-6,0.045213,4.484000E-7
11229.422287,234.280000,0.099177,9.917700E-6,0.045041,4.467000E-7
11240.015892,234.460000,0.099169,9.916900E-6,0.045337,4.496000E-7
11250.595498,234.640000,0.099178,9.917800E-6,0.045534,4.516000E-7
11261.214105,234.810000,0.099175,9.917500E-6,0.045516,4.514000E-7
11271.796710,234.990000,0.099175,9.917500E-6,0.045536,4.516000E-7
11282.398316,235.170000,0.099169,9.916900E-6,0.045690,4.531000E-7
11292.980922,235.340000,0.099175,9.917500E-6,0.045838,4.546000E-7
11303.593529,235.520000,0.099174,9.917400E-6,0.045899,4.552000E-7
11314.168134,235.700000,0.099176,9.917600E-6,0.045848,4.547000E-7
11324.793742,235.870000,0.099176,9.917600E-6,0.046049,4.567000E-7
11335.365345,236.050000,0.099176,9.917600E-6,0.046100,4.572000E-7
11345.980953,236.230000,0.099175,9.917500E-6,0.046383,4.600000E-7
11356.580559,236.400000,0.099179,9.917900E-6,0.046371,4.599000E-7
11367.193166,236.580000,0.099177,9.917700E-6,0.046442,4.606000E-7
11377.795773,236.760000,0.099178,9.917800E-6,0.046764,4.638000E-7
11388.403379,236.930000,0.099178,9.917800E-6,0.046492,4.611000E-7
11399.000986,237.110000,0.099177,9.917700E-6,0.046593,4.621000E-7
11409.598592,237.290000,0.099178,9.917800E-6,0.046664,4.628000E-7
11420.203198,237.460000,0.099171,9.917100E-6,0.046869,4.648000E-7
11430.781803,237.640000,0.099177,9.917700E-6,0.046765,4.638000E-7
11441.407411,237.820000,0.099174,9.917400E-6,0.046887,4.650000E-7
11451.996017,237.990000,0.099179,9.917900E-6,0.046956,4.657000E-7
11462.599623,238.170000,0.099176,9.917600E-6,0.047017,4.663000E-7
11473.182229,238.350000,0.099181,9.918100E-6,0.046894,4.651000E-7
11483.755834,238.520000,0.099168,9.916800E-6,0.047031,4.664000E-7
11494.342439,238.700000,0.099179,9.917900E-6,0.046976,4.659000E-7
11504.956046,238.870000,0.099171,9.917100E-6,0.047050,4.666000E-7
11515.528650,239.050000,0.099180,9.918000E-6,0.047328,4.694000E-7
11526.156259,239.230000,0.099179,9.917900E-6,0.047339,4.695000E-7
11536.738864,239.400000,0.099180,9.918000E-6,0.047358,4.697000E-7
11547.342471,239.580000,0.099179,9.917900E-6,0.047399,4.701000E-7
11557.931076,239.760000,0.099180,9.918000E-6,0.047368,4.698000E-7
11568.544683,239.930000,0.099177,9.917700E-6,0.047440,4.705000E-7
11579.117288,240.110000,0.099180,9.918000E-6,0.047822,4.743000E-7
11589.733895,240.290000,0.099178,9.917800E-6,0.048015,4.762000E-7
11600.323501,240.460000,0.099179,9.917900E-6,0.047782,4.739000E-7
11610.930107,240.640000,0.099177,9.917700E-6,0.048055,4.766000E-7
11621.506712,240.820000,0.099177,9.917700E-6,0.047985,4.759000E-7
11632.124319,240.990000,0.099177,9.917700E-6,0.048358,4.796000E-7
11642.710925,241.170000,0.099178,9.917800E-6,0.048327,4.793000E-7
11653.336533,241.350000,0.099176,9.917600E-6,0.048449,4.805000E-7
11663.915138,241.530000,0.099179,9.917900E-6,0.048851,4.845000E-7
11674.533745,241.700000,0.099174,9.917400E-6,0.048743,4.834000E-7
11685.115350,241.880000,0.099176,9.917600E-6,0.048732,4.833000E-7
11695.715957,242.060000,0.099174,9.917400E-6,0.048722,4.832000E-7
11706.298563,242.230000,0.099177,9.917700E-6,0.049064,4.866000E-7
11716.920170,242.410000,0.099176,9.917600E-6,0.049185,4.878000E-7
11727.503775,242.580000,0.099177,9.917700E-6,0.049165,4.876000E-7
11738.108382,242.760000,0.099176,9.917600E-6,0.049407,4.900000E-7
11748.672986,242.940000,0.099177,9.917700E-6,0.049124,4.872000E-7
11759.299593,243.110000,0.099173,9.917300E-6,0.049751,4.934000E-7
11769.873199,243.290000,0.099174,9.917400E-6,0.050517,5.010000E-7
11780.485806,243.470000,0.099172,9.917200E-6,0.050871,5.045000E-7
11791.073411,243.640000,0.099174,9.917400E-6,0.050699,5.028000E-7
11801.675018,243.820000,0.099172,9.917200E-6,0.050811,5.039000E-7
11812.246622,244.000000,0.099175,9.917500E-6,0.050880,5.046000E-7
11822.874229,244.170000,0.099175,9.917500E-6,0.050638,5.022000E-7
11833.445835,244.350000,0.099175,9.917500E-6,0.050759,5.034000E-7
11844.043441,244.530000,0.099165,9.916500E-6,0.050724,5.030000E-7
11854.631046,244.700000,0.099177,9.917700E-6,0.050899,5.048000E-7
11865.260654,244.880000,0.099176,9.917600E-6,0.050940,5.052000E-7
11875.836259,245.060000,0.099175,9.917500E-6,0.050839,5.042000E-7
11886.441865,245.230000,0.099168,9.916800E-6,0.050994,5.057000E-7
11897.017470,245.410000,0.099179,9.917900E-6,0.051140,5.072000E-7
11907.638078,245.590000,0.099176,9.917600E-6,0.051030,5.061000E-7
11918.222683,245.760000,0.099175,9.917500E-6,0.051112,5.069000E-7
11928.826290,245.940000,0.099172,9.917200E-6,0.050992,5.057000E-7
11939.403895,246.120000,0.099178,9.917800E-6,0.051040,5.062000E-7
11950.024502,246.290000,0.099176,9.917600E-6,0.051232,5.081000E-7
11960.603107,246.470000,0.099178,9.917800E-6,0.051201,5.078000E-7
11971.228715,246.650000,0.099175,9.917500E-6,0.051162,5.074000E-7
11981.810321,246.820000,0.099176,9.917600E-6,0.051383,5.096000E-7
11992.418927,247.000000,0.099175,9.917500E-6,0.051495,5.107000E-7
12003.005533,247.180000,0.099176,9.917600E-6,0.051343,5.092000E-7
12013.609139,247.350000,0.099174,9.917400E-6,0.051163,5.074000E-7
12024.191745,247.530000,0.099177,9.917700E-6,0.051534,5.111000E-7
12034.807352,247.710000,0.099173,9.917300E-6,0.051617,5.119000E-7
12045.389957,247.880000,0.099175,9.917500E-6,0.051616,5.119000E-7
12055.990563,248.060000,0.099176,9.917600E-6,0.051504,5.108000E-7
12066.591170,248.240000,0.099175,9.917500E-6,0.051646,5.122000E-7
12077.204777,248.410000,0.099173,9.917300E-6,0.051627,5.120000E-7
12087.775382,248.590000,0.099173,9.917300E-6,0.051788,5.136000E-7
12098.402989,248.770000,0.099173,9.917300E-6,0.051728,5.130000E-7
12109.008596,248.940000,0.099175,9.917500E-6,0.051575,5.115000E-7
12119.615202,249.120000,0.099175,9.917500E-6,0.051807,5.138000E-7
12130.213809,249.300000,0.099173,9.917300E-6,0.051667,5.124000E-7
12140.809414,249.470000,0.099172,9.917200E-6,0.051859,5.143000E-7
12151.417022,249.650000,0.099167,9.916700E-6,0.051902,5.147000E-7
12161.991626,249.830000,0.099173,9.917300E-6,0.051929,5.150000E-7
12172.614233,250.000000,0.099171,9.917100E-6,0.051971,5.154000E-7
12183.205839,250.070000,0.099172,9.917200E-6,0.052111,5.168000E-7
12193.806446,250.070000,0.099170,9.917000E-6,0.052213,5.178000E-7
12204.379050,250.070000,0.099172,9.917200E-6,0.052122,5.169000E-7
12215.006659,250.070000,0.099171,9.917100E-6,0.052031,5.160000E-7
12225.592264,250.060000,0.099171,9.917100E-6,0.052203,5.177000E-7
12236.193871,250.060000,0.099167,9.916700E-6,0.052175,5.174000E-7
12246.792477,250.060000,0.099172,9.917200E-6,0.052474,5.204000E-7
12257.413084,250.050000,0.099167,9.916700E-6,0.052185,5.175000E-7
12267.979689,250.050000,0.099170,9.917000E-6,0.052173,5.174000E-7
12278.608296,250.050000,0.099171,9.917100E-6,0.052505,5.207000E-7
12289.214903,250.050000,0.099171,9.917100E-6,0.052394,5.196000E-7
12299.810509,250.040000,0.099171,9.917100E-6,0.052314,5.188000E-7
12310.411115,250.040000,0.099170,9.917000E-6,0.052435,5.200000E-7
12321.007721,250.040000,0.099171,9.917100E-6,0.052636,5.220000E-7
12331.613328,250.040000,0.099162,9.916200E-6,0.052550,5.211000E-7
12342.193933,250.040000,0.099172,9.917200E-6,0.052606,5.217000E-7
12352.813541,250.040000,0.099170,9.917000E-6,0.052839,5.240000E-7
12363.409146,250.040000,0.099170,9.917000E-6,0.052828,5.239000E-7
12374.008753,250.040000,0.099167,9.916700E-6,0.052800,5.236000E-7
12384.584358,250.030000,0.099171,9.917100E-6,0.052606,5.217000E-7
12395.242967,250.030000,0.099171,9.917100E-6,0.052636,5.220000E-7
12405.882576,250.030000,0.099156,9.915600E-6,0.052866,5.242000E-7
12416.508184,250.030000,0.099174,9.917400E-6,0.052836,5.240000E-7
12427.132791,250.080000,0.099174,9.917400E-6,0.052836,5.240000E-7
12437.749398,250.250000,0.099172,9.917200E-6,0.052848,5.241000E-7
12448.399008,250.420000,0.099172,9.917200E-6,0.052948,5.251000E-7
12459.026615,250.600000,0.099168,9.916800E-6,0.052920,5.248000E-7
12469.613221,250.780000,0.099173,9.917300E-6,0.052857,5.242000E-7
12480.254829,250.960000,0.099175,9.917500E-6,0.052967,5.253000E-7
12490.846436,251.140000,0.099174,9.917400E-6,0.052917,5.248000E-7
12501.470043,251.320000,0.099173,9.917300E-6,0.053099,5.266000E-7
12512.084651,251.500000,0.099165,9.916500E-6,0.053083,5.264000E-7
12522.670256,251.680000,0.099175,9.917500E-6,0.052937,5.250000E-7
12533.311865,251.860000,0.099171,9.917100E-6,0.053171,5.273000E-7
12543.882469,252.040000,0.099172,9.917200E-6,0.053352,5.291000E-7
12554.485075,252.220000,0.099166,9.916600E-6,0.053284,5.284000E-7
12565.057680,252.390000,0.099171,9.917100E-6,0.053100,5.266000E-7
12575.671287,252.570000,0.099164,9.916400E-6,0.053376,5.293000E-7
12586.252893,252.750000,0.099172,9.917200E-6,0.053382,5.294000E-7
12596.871500,252.920000,0.099164,9.916400E-6,0.053477,5.303000E-7
12607.447105,253.100000,0.099170,9.917000E-6,0.053383,5.294000E-7
12618.051711,253.280000,0.099164,9.916400E-6,0.053356,5.291000E-7
12628.625316,253.460000,0.099171,9.917100E-6,0.053262,5.282000E-7
12639.236923,253.630000,0.099164,9.916400E-6,0.053437,5.299000E-7
12649.803527,253.810000,0.099169,9.916900E-6,0.053555,5.311000E-7
12660.416134,253.990000,0.099164,9.916400E-6,0.053447,5.300000E-7
12670.987739,254.160000,0.099170,9.917000E-6,0.053645,5.320000E-7
12681.615347,254.340000,0.099168,9.916800E-6,0.053656,5.321000E-7
12692.201953,254.520000,0.099170,9.917000E-6,0.053655,5.321000E-7
12702.824560,254.700000,0.099168,9.916800E-6,0.053636,5.319000E-7
12713.419166,254.870000,0.099170,9.917000E-6,0.053686,5.324000E-7
12724.022773,255.050000,0.099169,9.916900E-6,0.053676,5.323000E-7
12734.618379,255.230000,0.099169,9.916900E-6,0.053908,5.346000E-7
12745.239986,255.400000,0.099168,9.916800E-6,0.053777,5.333000E-7
12755.828592,255.580000,0.099168,9.916800E-6,0.053888,5.344000E-7
12766.430198,255.760000,0.099170,9.917000E-6,0.053867,5.342000E-7
12777.052805,255.930000,0.099170,9.917000E-6,0.054008,5.356000E-7
12787.660412,256.110000,0.099169,9.916900E-6,0.053958,5.351000E-7
12798.274019,256.290000,0.099170,9.917000E-6,0.053988,5.354000E-7
12808.874626,256.460000,0.099167,9.916700E-6,0.054060,5.361000E-7
12819.491233,256.640000,0.099169,9.916900E-6,0.053979,5.353000E-7
12830.116841,256.820000,0.099166,9.916600E-6,0.054041,5.359000E-7
12840.716447,257.000000,0.099165,9.916500E-6,0.054233,5.378000E-7
12851.343055,257.170000,0.099167,9.916700E-6,0.054181,5.373000E-7
12861.939661,257.350000,0.099166,9.916600E-6,0.054242,5.379000E-7
12872.541267,257.530000,0.099151,9.915100E-6,0.054321,5.386000E-7
12883.189876,257.700000,0.099167,9.916700E-6,0.054343,5.389000E-7
12893.819484,257.880000,0.099166,9.916600E-6,0.054323,5.387000E-7
12904.391089,258.060000,0.099163,9.916300E-6,0.054214,5.376000E-7
12915.018697,258.240000,0.099162,9.916200E-6,0.054376,5.392000E-7
12925.647305,258.410000,0.099163,9.916300E-6,0.054335,5.388000E-7
12936.253911,258.590000,0.099162,9.916200E-6,0.054406,5.395000E-7
12946.855517,258.760000,0.099162,9.916200E-6,0.054335,5.388000E-7
12957.451124,258.940000,0.099163,9.916300E-6,0.054395,5.394000E-7
12968.052731,259.120000,0.099155,9.915500E-6,0.054470,5.401000E-7
12978.629335,259.300000,0.099162,9.916200E-6,0.054466,5.401000E-7
12989.252943,259.470000,0.099160,9.916000E-6,0.054336,5.388000E-7
12999.832548,259.650000,0.099159,9.915900E-6,0.054952,5.449000E-7
13010.444155,259.830000,0.099158,9.915800E-6,0.054701,5.424000E-7
13021.036761,260.000000,0.099160,9.916000E-6,0.054548,5.409000E-7
13031.646367,260.180000,0.099158,9.915800E-6,0.054600,5.414000E-7
13042.220972,260.360000,0.099160,9.916000E-6,0.054548,5.409000E-7
13052.839580,260.530000,0.099156,9.915600E-6,0.054631,5.417000E-7
13063.422185,260.710000,0.099159,9.915900E-6,0.054710,5.425000E-7
13074.035792,260.890000,0.099157,9.915700E-6,0.054752,5.429000E-7
13084.635398,261.060000,0.099159,9.915900E-6,0.054710,5.425000E-7
13095.242005,261.240000,0.099155,9.915500E-6,0.054753,5.429000E-7
13105.826611,261.420000,0.099155,9.915500E-6,0.054803,5.434000E-7
13116.427217,261.590000,0.099147,9.914700E-6,0.053950,5.349000E-7
13127.005822,261.770000,0.099154,9.915400E-6,0.054884,5.442000E-7
13137.630430,261.950000,0.099153,9.915300E-6,0.054895,5.443000E-7
13148.220035,262.120000,0.099157,9.915700E-6,0.054984,5.452000E-7
13158.835642,262.300000,0.099154,9.915400E-6,0.054874,5.441000E-7
13169.434249,262.480000,0.099155,9.915500E-6,0.054985,5.452000E-7
13180.037855,262.650000,0.099149,9.914900E-6,0.054998,5.453000E-7
13190.638462,262.830000,0.099155,9.915500E-6,0.055126,5.466000E-7
13201.242068,263.010000,0.099154,9.915400E-6,0.055167,5.470000E-7
13211.820673,263.180000,0.099156,9.915600E-6,0.055034,5.457000E-7
13222.429280,263.360000,0.099152,9.915200E-6,0.055077,5.461000E-7
13233.006885,263.540000,0.099156,9.915600E-6,0.055246,5.478000E-7
13243.632493,263.710000,0.099152,9.915200E-6,0.055198,5.473000E-7
13254.221098,263.890000,0.099156,9.915600E-6,0.055398,5.493000E-7
13264.823705,264.070000,0.099152,9.915200E-6,0.054946,5.448000E-7
13275.408309,264.240000,0.099156,9.915600E-6,0.055448,5.498000E-7
13286.021917,264.420000,0.099154,9.915400E-6,0.055207,5.474000E-7
13296.596521,264.600000,0.099155,9.915500E-6,0.055469,5.500000E-7
13307.222130,264.770000,0.099152,9.915200E-6,0.055460,5.499000E-7
13317.808735,264.950000,0.099155,9.915500E-6,0.055519,5.505000E-7
13328.422342,265.130000,0.099155,9.915500E-6,0.055771,5.530000E-7
13339.007948,265.310000,0.099153,9.915300E-6,0.055429,5.496000E-7
13349.620554,265.480000,0.099153,9.915300E-6,0.055742,5.527000E-7
13360.210161,265.660000,0.099153,9.915300E-6,0.055601,5.513000E-7
13370.828768,265.840000,0.099150,9.915000E-6,0.055562,5.509000E-7
13381.421374,266.010000,0.099156,9.915600E-6,0.055609,5.514000E-7
13392.022980,266.190000,0.099151,9.915100E-6,0.055652,5.518000E-7
13402.596585,266.370000,0.099155,9.915500E-6,0.055731,5.526000E-7
13413.223193,266.540000,0.099152,9.915200E-6,0.055642,5.517000E-7
13423.809798,266.720000,0.099154,9.915400E-6,0.055711,5.524000E-7
13434.424406,266.900000,0.099154,9.915400E-6,0.055530,5.506000E-7
13445.029012,267.070000,0.099154,9.915400E-6,0.055610,5.514000E-7
13455.638618,267.250000,0.099152,9.915200E-6,0.055833,5.536000E-7
13466.239225,267.430000,0.099152,9.915200E-6,0.055753,5.528000E-7
13476.832831,267.600000,0.099153,9.915300E-6,0.055692,5.522000E-7
13487.443438,267.780000,0.099146,9.914600E-6,0.055948,5.547000E-7
13498.011043,267.960000,0.099154,9.915400E-6,0.055873,5.540000E-7
13508.632649,268.130000,0.099151,9.915100E-6,0.055794,5.532000E-7
13519.225255,268.310000,0.099150,9.915000E-6,0.055845,5.537000E-7
13529.842863,268.490000,0.099150,9.915000E-6,0.056198,5.572000E-7
13540.425468,268.660000,0.099151,9.915100E-6,0.056086,5.561000E-7
13551.047076,268.840000,0.099150,9.915000E-6,0.055925,5.545000E-7
13561.625681,269.020000,0.099150,9.915000E-6,0.056127,5.565000E-7
13572.245288,269.190000,0.099151,9.915100E-6,0.056248,5.577000E-7
13582.835894,269.370000,0.099151,9.915100E-6,0.056005,5.553000E-7
13593.437500,269.550000,0.099149,9.914900E-6,0.056239,5.576000E-7
13604.012105,269.720000,0.099148,9.914800E-6,0.056148,5.567000E-7
13614.636713,269.900000,0.099147,9.914700E-6,0.056220,5.574000E-7
13625.226318,270.080000,0.099147,9.914700E-6,0.056371,5.589000E-7
13635.826925,270.250000,0.099148,9.914800E-6,0.056300,5.582000E-7
13646.399529,270.430000,0.099147,9.914700E-6,0.056280,5.580000E-7
13657.025137,270.610000,0.099147,9.914700E-6,0.056351,5.587000E-7
13667.624743,270.780000,0.099146,9.914600E-6,0.056513,5.603000E-7
13678.243351,270.960000,0.099147,9.914700E-6,0.056381,5.590000E-7
13688.826956,271.140000,0.099146,9.914600E-6,0.056533,5.605000E-7
13699.431562,271.310000,0.099142,9.914200E-6,0.056525,5.604000E-7
13710.014168,271.490000,0.099147,9.914700E-6,0.056613,5.613000E-7
13720.627775,271.670000,0.099146,9.914600E-6,0.056563,5.608000E-7
13731.214381,271.840000,0.099148,9.914800E-6,0.056532,5.605000E-7
13741.828988,272.020000,0.099145,9.914500E-6,0.056533,5.605000E-7
13752.401593,272.200000,0.099146,9.914600E-6,0.056563,5.608000E-7
13763.001198,272.370000,0.099139,9.913900E-6,0.056597,5.611000E-7
13773.572803,272.550000,0.099148,9.914800E-6,0.056643,5.616000E-7
13784.202411,272.730000,0.099144,9.914400E-6,0.056756,5.627000E-7
13794.774016,272.900000,0.099144,9.914400E-6,0.056705,5.622000E-7
13805.401624,273.080000,0.099142,9.914200E-6,0.056757,5.627000E-7
13815.969228,273.250000,0.099145,9.914500E-6,0.056806,5.632000E-7
13826.588836,273.430000,0.099142,9.914200E-6,0.056949,5.646000E-7
13837.173441,273.610000,0.099142,9.914200E-6,0.056777,5.629000E-7
13847.774047,273.790000,0.099140,9.914000E-6,0.056909,5.642000E-7
13858.361653,273.960000,0.099140,9.914000E-6,0.057000,5.651000E-7
13868.967260,274.140000,0.099140,9.914000E-6,0.056869,5.638000E-7
13879.537864,274.320000,0.099142,9.914200E-6,0.057080,5.659000E-7
13890.157471,274.490000,0.099141,9.914100E-6,0.057020,5.653000E-7
13900.750078,274.670000,0.099142,9.914200E-6,0.057049,5.656000E-7
13911.355684,274.850000,0.099139,9.913900E-6,0.057001,5.651000E-7
13921.930289,275.020000,0.099139,9.913900E-6,0.056991,5.650000E-7
13932.561897,275.200000,0.099140,9.914000E-6,0.057162,5.667000E-7
13943.145503,275.380000,0.099137,9.913700E-6,0.057083,5.659000E-7
13953.743109,275.550000,0.099138,9.913800E-6,0.057011,5.652000E-7
13964.333714,275.730000,0.099138,9.913800E-6,0.057213,5.672000E-7
13974.959322,275.910000,0.099139,9.913900E-6,0.057273,5.678000E-7
13985.572929,276.080000,0.099137,9.913700E-6,0.057395,5.690000E-7
13996.174535,276.260000,0.099139,9.913900E-6,0.057495,5.700000E-7
14006.775142,276.440000,0.099138,9.913800E-6,0.057264,5.677000E-7
14017.364747,276.610000,0.099136,9.913600E-6,0.057184,5.669000E-7
14027.964354,276.790000,0.099130,9.913000E-6,0.057369,5.687000E-7
14038.540958,276.970000,0.099138,9.913800E-6,0.057274,5.678000E-7
14049.163567,277.140000,0.099136,9.913600E-6,0.057356,5.686000E-7
14059.732171,277.320000,0.099137,9.913700E-6,0.057325,5.683000E-7
14070.352778,277.500000,0.099134,9.913400E-6,0.057397,5.690000E-7
14080.941384,277.670000,0.099136,9.913600E-6,0.057487,5.699000E-7
14091.557991,277.850000,0.099132,9.913200E-6,0.057459,5.696000E-7
14102.163598,278.030000,0.099133,9.913300E-6,0.057700,5.720000E-7
14112.772205,278.200000,0.099135,9.913500E-6,0.057467,5.697000E-7
14123.376811,278.380000,0.099133,9.913300E-6,0.057519,5.702000E-7
14133.963417,278.560000,0.099132,9.913200E-6,0.057660,5.716000E-7
14144.572023,278.730000,0.099128,9.912800E-6,0.057612,5.711000E-7
14155.146628,278.910000,0.099132,9.913200E-6,0.057499,5.700000E-7
14165.760235,279.090000,0.099131,9.913100E-6,0.057772,5.727000E-7
14176.350841,279.260000,0.099132,9.913200E-6,0.057681,5.718000E-7
14186.962448,279.440000,0.099133,9.913300E-6,0.057902,5.740000E-7
14197.557054,279.620000,0.099133,9.913300E-6,0.057620,5.712000E-7
14208.157660,279.790000,0.099130,9.913000E-6,0.057884,5.738000E-7
14218.748266,279.970000,0.099133,9.913300E-6,0.057599,5.710000E-7
14229.358873,280.150000,0.099131,9.913100E-6,0.057762,5.726000E-7
14239.947478,280.320000,0.099130,9.913000E-6,0.057722,5.722000E-7
14250.561086,280.500000,0.099128,9.912800E-6,0.058006,5.750000E-7
14261.141690,280.680000,0.099129,9.912900E-6,0.057975,5.747000E-7
14271.754298,280.850000,0.099127,9.912700E-6,0.058006,5.750000E-7
14282.334903,281.030000,0.099130,9.913000E-6,0.058045,5.754000E-7
14292.935510,281.210000,0.099122,9.912200E-6,0.058060,5.755000E-7
14303.508113,281.380000,0.099127,9.912700E-6,0.058047,5.754000E-7
14314.121721,281.560000,0.099128,9.912800E-6,0.057986,5.748000E-7
14324.695325,281.730000,0.099127,9.912700E-6,0.057956,5.745000E-7
14335.321934,281.910000,0.099125,9.912500E-6,0.058240,5.773000E-7
14345.909539,282.090000,0.099125,9.912500E-6,0.058119,5.761000E-7
14356.536147,282.270000,0.099125,9.912500E-6,0.058209,5.770000E-7
14367.095751,282.440000,0.099126,9.912600E-6,0.058017,5.751000E-7
14377.698358,282.620000,0.099119,9.911900E-6,0.058082,5.757000E-7
14388.270962,282.790000,0.099123,9.912300E-6,0.058140,5.763000E-7
14398.895570,282.970000,0.099122,9.912200E-6,0.058130,5.762000E-7
14409.477175,283.150000,0.099126,9.912600E-6,0.058138,5.763000E-7
14420.076782,283.320000,0.099123,9.912300E-6,0.058140,5.763000E-7
14430.668387,283.500000,0.099125,9.912500E-6,0.058129,5.762000E-7
14441.274993,283.680000,0.099123,9.912300E-6,0.058261,5.775000E-7
14451.843598,283.850000,0.099124,9.912400E-6,0.058341,5.783000E-7
14462.481206,284.030000,0.099122,9.912200E-6,0.058272,5.776000E-7
14473.078813,284.210000,0.099124,9.912400E-6,0.058119,5.761000E-7
14483.682419,284.380000,0.099121,9.912100E-6,0.058313,5.780000E-7
14494.276025,284.560000,0.099123,9.912300E-6,0.058120,5.761000E-7
14504.895633,284.740000,0.099121,9.912100E-6,0.058050,5.754000E-7
14515.498239,284.910000,0.099124,9.912400E-6,0.058069,5.756000E-7
14526.098845,285.090000,0.099122,9.912200E-6,0.058191,5.768000E-7
14536.711452,285.270000,0.099123,9.912300E-6,0.058140,5.763000E-7
14547.312058,285.450000,0.099121,9.912100E-6,0.058020,5.751000E-7
14557.911665,285.620000,0.099115,9.911500E-6,0.058306,5.779000E-7
14568.483270,285.800000,0.099121,9.912100E-6,0.058181,5.767000E-7
14579.111877,285.980000,0.099119,9.911900E-6,0.057850,5.734000E-7
14589.696483,286.150000,0.099120,9.912000E-6,0.058071,5.756000E-7
14600.325091,286.330000,0.099120,9.912000E-6,0.057910,5.740000E-7
14610.898696,286.500000,0.099121,9.912100E-6,0.058010,5.750000E-7
14621.525303,286.680000,0.099118,9.911800E-6,0.058143,5.763000E-7
14632.082907,286.860000,0.099122,9.912200E-6,0.058070,5.756000E-7
14642.726516,287.040000,0.099120,9.912000E-6,0.058071,5.756000E-7
14653.285120,287.210000,0.099121,9.912100E-6,0.058050,5.754000E-7
14663.910728,287.390000,0.099119,9.911900E-6,0.058051,5.754000E-7
14674.499333,287.560000,0.099119,9.911900E-6,0.058273,5.776000E-7
14685.101940,287.740000,0.099120,9.912000E-6,0.058051,5.754000E-7
14695.681545,287.920000,0.099120,9.912000E-6,0.058132,5.762000E-7
14706.283151,288.100000,0.099115,9.911500E-6,0.058084,5.757000E-7
14716.861756,288.270000,0.099121,9.912100E-6,0.057848,5.734000E-7
14727.485364,288.450000,0.099120,9.912000E-6,0.057678,5.717000E-7
14738.071970,288.620000,0.099118,9.911800E-6,0.057689,5.718000E-7
14748.677576,288.800000,0.099114,9.911400E-6,0.057762,5.725000E-7
14759.253181,288.980000,0.099120,9.912000E-6,0.056941,5.644000E-7
14769.868788,289.150000,0.099117,9.911700E-6,0.057003,5.650000E-7
14780.459394,289.330000,0.099117,9.911700E-6,0.057215,5.671000E-7
14791.064001,289.510000,0.099117,9.911700E-6,0.056257,5.576000E-7
14801.630605,289.680000,0.099117,9.911700E-6,0.055934,5.544000E-7
14812.257213,289.860000,0.099117,9.911700E-6,0.055762,5.527000E-7
14822.845819,290.040000,0.099117,9.911700E-6,0.055651,5.516000E-7
14833.459425,290.210000,0.099118,9.911800E-6,0.055732,5.524000E-7
14844.017030,290.390000,0.099115,9.911500E-6,0.055582,5.509000E-7
14854.644637,290.570000,0.099114,9.911400E-6,0.055139,5.465000E-7
14865.218242,290.750000,0.099115,9.911500E-6,0.055199,5.471000E-7
14875.841850,290.920000,0.099111,9.911100E-6,0.053274,5.280000E-7
14886.417454,291.100000,0.099116,9.911600E-6,0.046955,4.654000E-7
14897.045063,291.270000,0.099111,9.911100E-6,0.046665,4.625000E-7
14907.617667,291.450000,0.099114,9.911400E-6,0.037068,3.674000E-7
14918.245275,291.630000,0.099114,9.911400E-6,0.038592,3.825000E-7
14928.845881,291.800000,0.099116,9.911600E-6,0.038389,3.805000E-7
14939.449488,291.980000,0.099116,9.911600E-6,0.036654,3.633000E-7
14950.046093,292.160000,0.099115,9.911500E-6,0.028351,2.810000E-7
14960.646700,292.340000,0.099117,9.911700E-6,0.027493,2.725000E-7
14971.252306,292.510000,0.099110,9.911000E-6,0.027505,2.726000E-7
14981.831912,292.690000,0.099115,9.911500E-6,0.027453,2.721000E-7
14992.457519,292.860000,0.099113,9.911300E-6,0.027413,2.717000E-7
15003.050126,293.040000,0.099116,9.911600E-6,0.027473,2.723000E-7
15013.647732,293.220000,0.099107,9.910700E-6,0.027274,2.703000E-7
15024.232337,293.390000,0.099116,9.911600E-6,0.027634,2.739000E-7
15034.848944,293.570000,0.099114,9.911400E-6,0.027393,2.715000E-7
15045.446550,293.750000,0.099113,9.911300E-6,0.027474,2.723000E-7
15056.047157,293.920000,0.099114,9.911400E-6,0.027322,2.708000E-7
15066.620761,294.100000,0.099113,9.911300E-6,0.027393,2.715000E-7
15077.233369,294.280000,0.099105,9.910500E-6,0.027486,2.724000E-7
15087.831975,294.460000,0.099115,9.911500E-6,0.027614,2.737000E-7
15098.454582,294.630000,0.099111,9.911100E-6,0.027505,2.726000E-7
15109.035187,294.810000,0.099112,9.911200E-6,0.027787,2.754000E-7
15119.647794,294.990000,0.099113,9.911300E-6,0.027786,2.754000E-7
15130.233400,295.160000,0.099112,9.911200E-6,0.027504,2.726000E-7
15140.835006,295.340000,0.099111,9.911100E-6,0.027585,2.734000E-7
15151.433613,295.520000,0.099114,9.911400E-6,0.027332,2.709000E-7
15162.048220,295.690000,0.099112,9.911200E-6,0.027635,2.739000E-7
15172.621825,295.870000,0.099111,9.911100E-6,0.027535,2.729000E-7
15183.249432,296.050000,0.099111,9.911100E-6,0.027535,2.729000E-7
15193.850039,296.220000,0.099113,9.911300E-6,0.027797,2.755000E-7
15204.456645,296.400000,0.099111,9.911100E-6,0.027656,2.741000E-7
15215.062252,296.580000,0.099110,9.911000E-6,0.027414,2.717000E-7
15225.650857,296.750000,0.099114,9.911400E-6,0.028049,2.780000E-7
15236.264465,296.930000,0.099107,9.910700E-6,0.027778,2.753000E-7
15246.837070,297.110000,0.099109,9.910900E-6,0.027556,2.731000E-7
15257.463677,297.280000,0.099109,9.910900E-6,0.027687,2.744000E-7
15268.050282,297.460000,0.099111,9.911100E-6,0.027999,2.775000E-7
15278.657890,297.640000,0.099110,9.911000E-6,0.027495,2.725000E-7
15289.248495,297.810000,0.099111,9.911100E-6,0.027757,2.751000E-7
15299.851101,297.990000,0.099112,9.911200E-6,0.027686,2.744000E-7
15310.436707,298.170000,0.099110,9.911000E-6,0.027807,2.756000E-7
15321.052314,298.340000,0.099111,9.911100E-6,0.027848,2.760000E-7
15331.609918,298.520000,0.099109,9.910900E-6,0.027828,2.758000E-7
15342.237525,298.700000,0.099110,9.911000E-6,0.027797,2.755000E-7
15352.810131,298.870000,0.099110,9.911000E-6,0.027505,2.726000E-7
15363.438738,299.050000,0.099108,9.910800E-6,0.027586,2.734000E-7
15374.010343,299.220000,0.099109,9.910900E-6,0.028030,2.778000E-7
15384.637951,299.400000,0.099110,9.911000E-6,0.028130,2.788000E-7
15395.224557,299.580000,0.099109,9.910900E-6,0.027576,2.733000E-7
15405.825163,299.760000,0.099107,9.910700E-6,0.027950,2.770000E-7
15416.424769,299.930000,0.099111,9.911100E-6,0.027797,2.755000E-7
15427.036376,300.060000,0.099109,9.910900E-6,0.027677,2.743000E-7
15437.597980,300.070000,0.099110,9.911000E-6,0.027727,2.748000E-7
15448.226588,300.070000,0.099108,9.910800E-6,0.027949,2.770000E-7
15458.813194,300.070000,0.099108,9.910800E-6,0.027949,2.770000E-7
15469.425801,300.060000,0.099106,9.910600E-6,0.028121,2.787000E-7
15479.996406,300.060000,0.099107,9.910700E-6,0.028071,2.782000E-7
15490.612012,300.050000,0.099106,9.910600E-6,0.027940,2.769000E-7
15501.180617,300.050000,0.099106,9.910600E-6,0.028081,2.783000E-7
15511.810225,300.050000,0.099108,9.910800E-6,0.028030,2.778000E-7
15522.389830,300.050000,0.099109,9.910900E-6,0.028302,2.805000E-7
15532.999437,300.040000,0.099106,9.910600E-6,0.028010,2.776000E-7
15543.571042,300.040000,0.099106,9.910600E-6,0.027899,2.765000E-7
15554.178648,300.040000,0.099101,9.910100E-6,0.027911,2.766000E-7
