Temperature (K),Bridge 2 Resistivity (Ohm)
1.828949988,7589.095723
1.82950002,7582.448848
1.839450002,7510.681426
1.848550022,7446.842773
1.866699994,7324.83084
1.884750009,7217.617324
1.911150038,7036.493027
1.956700027,6770.252266
2.000399947,6543.105625
2.025599957,6388.711582
2.13804996,5846.311094
2.152050018,5765.154102
2.545750022,4472.508867
2.906399965,3740.911182
3.260800004,3195.95457
3.636900067,2797.17127
4.004899979,2498.9196
4.374300003,2260.034912
4.731299877,2073.324536
5.064099789,1933.083022
5.399649858,1811.474434
5.756500006,1701.372339
6.110499859,1605.655654
6.457799911,1525.390347
6.809350014,1451.572568
7.161049843,1387.057158
7.501000166,1332.214722
7.847300053,1279.523438
8.218449593,1230.046079
8.552199841,1191.632451
9.272500038,1105.050884
9.699500084,1070.021846
9.835100174,1057.472617
10.02840042,1043.343604
10.47734976,1005.930125
10.80900002,981.673645
11.13324976,959.2276831
11.48850012,936.1976978
11.82765007,915.3114844
12.16960001,895.0972266
12.50060034,876.8972583
12.85395002,858.3781396
13.18375015,842.2949536
13.51259995,826.5210791
13.86509991,810.6020654
14.21480036,795.3685132
14.54874992,781.6487988
14.89354992,768.0850806
15.24499989,754.8274951
15.58085012,742.744231
15.9282999,730.6156348
16.25819969,719.6703882
16.58950043,709.1583765
16.9411993,698.2286426
17.26619911,688.4609009
17.6114502,678.4398169
17.94559956,669.1779858
18.27489948,660.2778442
18.59689999,651.7783618
18.96854973,642.4135938
19.30220032,634.1143872
19.65129948,625.8552344
20.00035,617.6715234
20.36085033,609.7848145
20.70374966,602.3430273
21.01815033,595.6685181
21.36205006,588.5109131
21.71120071,581.5192285
22.06665039,574.5872705
22.42129993,567.902019
22.77340031,561.4046069
23.10505009,555.5340918
23.42514992,549.8804321
23.76889992,543.9283838
24.11205006,538.2389429
24.44059944,532.8809424
24.79594994,527.2615625
25.13494968,522.0489575
25.46245003,517.0657178
25.81130028,511.8857642
26.17385006,506.5947449
26.49935055,501.9870557
26.82664967,497.4417395
27.16244984,492.913396
27.50265026,488.3578015
27.83069992,484.0941772
28.15699959,479.8519568
28.48794937,475.7224609
28.82660007,471.6072583
29.16160011,467.5617297
29.48554993,463.6503479
29.8196497,459.7084875
30.16065025,455.8799158
30.49520016,452.0972034
30.83714962,448.2707446
31.16399956,444.7462878
31.5223999,440.9550354
31.86779976,437.2659412
32.19325066,433.9256323
32.52864838,430.5519421
32.85089874,427.3414429
33.20125008,423.9068323
33.53705025,420.6856006
33.85579872,417.6896106
34.19945145,414.4944556
34.53429985,411.4889661
34.89465141,408.2368152
35.24309921,405.184353
35.58670044,402.2205005
35.92379951,399.312959
36.2615509,396.5441565
36.60354996,393.6925403
36.9416008,390.9784778
37.271101,388.3406897
37.59445,385.8132593
37.92740059,383.212688
38.27669907,380.5326538
38.61030006,378.0583557
38.95664978,375.4372888
39.30635071,372.8719324
39.6412487,370.4759448
39.97634888,368.0929749
40.34524918,365.5065198
40.69835091,363.0795056
41.02705002,360.8227478
41.36834908,358.5714905
41.71585083,356.243269
42.04504967,354.0675574
42.37750053,351.9603418
42.72750092,349.7247229
43.07100105,347.5504773
43.41275024,345.4718103
43.75430107,343.3504846
44.08130074,341.4135376
44.41910172,339.4012354
44.76555061,337.3563672
45.1283493,335.2662244
45.46369934,333.3484875
45.80735016,331.4024609
46.1868515,329.2966992
46.51250076,327.508949
46.84525108,325.6814392
47.18580055,323.8494836
47.51239967,322.1409973
47.83539963,320.4066882
48.14729881,318.8094922
48.47570038,317.1047388
48.81769943,315.4049597
49.16760063,313.6204333
49.49774933,312.0012244
49.85239983,310.2420032
50.19614983,308.576908
50.5489502,306.8981409
50.8737011,305.3838062
51.19910049,303.8475818
51.52910042,302.317948
51.86104965,300.7933435
52.20025063,299.2614075
52.55384827,297.6804431
52.90155029,296.1881506
53.21294975,294.8023828
53.56399918,293.2689453
53.91214943,291.781272
54.25029945,290.362406
54.58144951,288.9663721
54.90394974,287.6234119
55.23649979,286.2548511
55.57785034,284.8705713
55.92329979,283.493822
56.27094841,282.0925439
56.62694931,280.6918506
56.9782505,279.3422278
57.3281002,278.0061938
57.67850113,276.6642371
58.02390099,275.3627307
58.36219978,274.1064868
58.69265175,272.8848279
59.02429962,271.6719482
59.36994934,270.4325586
59.73884964,269.1108118
60.08500099,267.876167
60.4171505,266.7271045
60.76375008,265.5078638
61.10124969,264.356272
61.45705032,263.1447961
61.81419945,261.937345
62.167099,260.7400684
62.5013504,259.632522
62.82179832,258.5802344
63.17329979,257.4457263
63.50839996,256.3323145
63.8635006,255.2110486
64.19445038,254.1756866
64.53639984,253.1242053
64.86504745,252.0812341
65.20835114,251.0141547
65.54550171,249.982865
65.87280273,249.0012628
66.20510101,247.9993018
66.53584671,247.0125269
66.85540009,246.0446503
67.20064926,245.0615759
67.5298996,244.1154468
67.86970139,243.1156763
68.21710205,242.1347693
68.57299805,241.1282751
68.92070007,240.146983
69.2649498,239.1863495
69.61275101,238.2335614
69.93524933,237.3461646
70.29320145,236.3873083
70.64754868,235.4368878
70.99284744,234.5178784
71.31705093,233.6508868
71.67269897,232.7355109
72.00154877,231.8895721
72.33094788,231.0435773
72.67185211,230.168194
72.97985077,229.3970197
73.29919815,228.5865082
73.63980103,227.7438672
73.96470261,226.933056
74.29339981,226.1259155
74.6297493,225.2994666
74.96070099,224.509801
75.28009796,223.7428125
75.65090179,222.8595496
75.99100113,222.0404785
76.32065201,221.245318
76.66830063,220.4535822
77.00110245,219.6929816
77.35589981,218.8802258
77.70534897,218.0888831
78.05335236,217.2992523
78.38954926,216.5350104
78.72629929,215.7910278
79.07284927,215.0292841
79.41469955,214.2747803
79.75175095,213.5628131
80.07454681,212.8577795
80.39830017,212.1710162
80.73699951,211.465567
81.08530045,210.7107532
81.41309738,210.0201141
81.75025177,209.3356946
82.0679512,208.6583502
82.40855026,207.9676312
82.72164917,207.3267542
83.08549881,206.5864496
83.43289948,205.8991199
83.75839996,205.2490601
84.11264801,204.5422339
84.46059799,203.8666638
84.7676506,203.252691
85.09284973,202.6187927
85.43305206,201.9633893
85.78684998,201.2850061
86.13915253,200.6150226
86.47545242,199.9879449
86.82515335,199.3273627
87.15660095,198.7054846
87.49160004,198.0845831
87.84114838,197.4433026
88.1929512,196.8153638
88.54354858,196.175954
88.88259888,195.5686072
89.21735001,194.9652289
89.5727005,194.3430719
89.91064835,193.7329858
90.2412529,193.1642645
90.59659958,192.5458667
90.92485046,191.9781158
91.24919891,191.4225354
91.58310318,190.8542041
91.93529892,190.2596802
92.2677002,189.6971252
92.60079956,189.1449219
92.93619919,188.5839307
93.26715088,188.036214
93.59429932,187.4976868
93.92890167,186.9407935
94.26539993,186.3963568
94.6060524,185.8390137
94.94820023,185.2715131
95.25960159,184.7789288
95.59690094,184.2518524
95.94915009,183.7061328
96.2847023,183.1757605
96.61265182,182.6522717
96.94469833,182.1373914
97.25804901,181.660155
97.57720184,181.1830389
97.92939758,180.661076
98.26824951,180.1263177
98.60710144,179.618844
98.96374893,179.0975507
99.30149841,178.5724255
99.61254883,178.1488727
99.95594788,177.6096582
100.2774506,177.1239056
100.5891495,176.6692322
100.9055519,176.2162396
101.2395973,175.7445074
101.5757027,175.2658582
101.9004478,174.8066895
102.2280006,174.3338525
102.5526009,173.8785474
102.8974991,173.4225922
103.2523499,172.9076544
103.6006012,172.4499847
103.9278984,171.9647571
104.2551994,171.5154022
104.5754509,171.0795331
104.9263496,170.6126495
105.2556,170.1633569
105.5753479,169.7386816
105.8997993,169.3173956
106.2202034,168.8834058
106.562851,168.431369
106.8827515,168.0197742
107.2115517,167.6027905
107.5574493,167.1505219
107.9134521,166.673158
108.2478523,166.2393707
108.574749,165.8166351
108.9138985,165.393631
109.2592506,164.9773016
109.5940514,164.5409528
109.9249992,164.1275977
110.2491531,163.7195898
110.5757027,163.3216522
110.9181976,162.9108124
111.2567024,162.4860046
111.5888481,162.0737976
111.9185486,161.6782513
112.2388992,161.281402
112.5833015,160.8897784
112.9293518,160.4620496
113.2933502,160.033075
113.6151505,159.6615308
113.9465981,159.2775085
114.2813492,158.8921875
114.6185493,158.4772284
114.9575005,158.098009
115.3022003,157.697149
115.6522026,157.2906549
115.9968529,156.8909644
116.3174019,156.5310651
116.6502495,156.1541748
116.9734001,155.7989447
117.2968025,155.4352106
117.6200981,155.0633508
117.9215508,154.7291541
118.2445526,154.3788959
118.5688972,154.0374109
118.9044495,153.6890735
119.2504997,153.2876605
119.5996513,152.9423065
119.9294014,152.5595874
120.266552,152.1975897
120.6008987,151.8580579
120.9356995,151.4986536
121.2684517,151.1430322
121.6038475,150.7894269
121.9328995,150.4392725
122.2551003,150.1065814
122.6064987,149.7496124
122.9273987,149.4025055
123.2480011,149.0751959
123.6025505,148.7321741
123.9255486,148.3850635
124.2521019,148.0548303
124.5746994,147.7356042
124.895401,147.4117462
125.2322006,147.0851947
125.5606003,146.7503033
125.8909492,146.4279059
126.2220535,146.1046259
126.5579987,145.7763477
126.9001999,145.4442316
127.2265015,145.1264966
127.5455017,144.8209229
127.8986015,144.4782306
128.2258987,144.1706726
128.5641479,143.8490491
128.9055481,143.52146
129.247551,143.1896234
129.5498428,142.9045825
129.8744049,142.6020984
130.1991501,142.287204
130.5420532,141.9706934
130.8911514,141.67495
131.2181473,141.3566254
131.5391464,141.0627759
131.8734055,140.7537646
132.1960983,140.459978
132.5231552,140.1646936
132.8446503,139.8780597
133.1678467,139.5997058
133.5216522,139.2599835
133.843956,138.9773743
134.178299,138.6867688
134.5184479,138.3897992
134.8708496,138.1029828
135.2264481,137.7636395
135.5618439,137.4823248
135.8896484,137.1905444
136.2292023,136.8979694
136.5718002,136.6111743
136.889801,136.330744
137.2450943,136.0570544
137.5836487,135.7486597
137.9172516,135.4791107
138.2489548,135.1789215
138.5719528,134.9093414
138.8754501,134.6621765
139.1995544,134.3978693
139.5231476,134.1221466
139.8347015,133.8698767
140.1539459,133.6079822
140.5114517,133.3153387
140.8357544,133.0567072
141.160202,132.7956
141.4863052,132.5361627
141.822197,132.2604065
142.151001,131.9958801
142.4808426,131.7463428
142.8137436,131.4726263
143.157547,131.2040942
143.4841003,130.9391083
143.8234482,130.676355
144.1556931,130.4278815
144.4723969,130.1713635
144.8162003,129.9104236
145.1497498,129.6533765
145.4735031,129.4091754
145.7982483,129.1494666
146.1397476,128.8931323
146.4736481,128.6517358
146.7789536,128.4249261
147.1308975,128.1463519
147.4487991,127.9091946
147.774704,127.6678171
148.0899506,127.4318262
148.4322052,127.1810858
148.7724991,126.9561383
149.1089478,126.6927576
149.4446945,126.4473462
149.7787018,126.2015829
150.1185989,125.9564972
150.4386978,125.7304404
150.760704,125.5005658
151.0798492,125.2687305
151.4043503,125.0345074
151.7416458,124.7940414
152.0699997,124.5527319
152.3887024,124.3286951
152.7307968,124.0949673
153.0480957,123.8687827
153.3787994,123.643024
153.7086945,123.417489
154.0526962,123.178309
154.3761978,122.9518481
154.7097015,122.7247684
155.0505524,122.492175
155.3820496,122.2636041
155.7050018,122.0445404
156.0270004,121.8335785
156.3347015,121.6290323
156.6563034,121.414137
156.9692459,121.2069989
157.3087006,120.9804764
157.6637955,120.7379712
158.0017471,120.512753
158.3387985,120.2882666
158.6795502,120.0677798
159.0007019,119.8573468
159.3214035,119.6491309
159.6585464,119.4302411
159.9844513,119.2220868
160.306694,119.0157404
160.6311493,118.8046872
160.9675064,118.586062
161.3064499,118.3648706
161.6287003,118.1621384
161.9562988,117.9632358
162.276001,117.7630405
162.5987549,117.5608182
162.9172516,117.3624515
163.2434998,117.1578381
163.5875473,116.944187
163.9122009,116.7340466
164.2356033,116.5361819
164.555954,116.3402731
164.8913956,116.1328671
165.2174988,115.9335178
165.5393982,115.7310721
165.8591003,115.5351761
166.1778488,115.3452368
166.5093994,115.1523071
166.8361969,114.9569751
167.1645508,114.7558414
167.4653473,114.5766626
167.7966003,114.3756967
168.1353455,114.1757535
168.4884491,113.9836102
168.8118515,113.7806424
169.1637039,113.5745868
169.4898987,113.3809256
169.8397522,113.1724423
170.1679001,112.9829074
170.4912491,112.7985889
170.7990036,112.6214664
171.1206055,112.4383173
171.4714508,112.2352234
171.797493,112.0510175
172.1220016,111.8667264
172.4621506,111.6729935
172.8097992,111.4798477
173.139801,111.2883313
173.4556503,111.112811
173.7901993,110.9289169
174.1308975,110.7392926
174.4379959,110.5667819
174.7523499,110.3907861
175.0740967,110.2171893
175.4002991,110.0408804
175.7308044,109.8527939
176.0687485,109.6662973
176.410202,109.4813638
176.7614059,109.3041046
177.0884018,109.1281406
177.4289474,108.9406702
177.77285,108.7724493
178.1330032,108.5635559
178.4424515,108.391344
178.7621994,108.2226678
179.0812454,108.0523373
179.4295502,107.8731842
179.7660522,107.6921774
180.1124496,107.515658
180.438652,107.3449478
180.7703018,107.1701086
181.0989532,107.000585
181.4300537,106.8332312
181.751297,106.6671988
182.0783997,106.5008954
182.4283524,106.3190753
182.7640457,106.1513681
183.0884018,105.9873856
183.4052505,105.8268231
183.7386017,105.6514828
184.0672989,105.4865891
184.3897476,105.3273819
184.7204514,105.1621158
185.067955,104.995502
185.3989029,104.8271176
185.7312012,104.6667966
186.072998,104.4994012
186.4026947,104.3387045
186.7220535,104.1787231
187.0524979,104.0163687
187.3722,103.8623981
187.7137985,103.6990762
188.0483017,103.5390298
188.3770523,103.3753339
188.6922989,103.2247342
189.0427017,103.0539651
189.3730469,102.8994403
189.7091522,102.7386066
190.0428009,102.5797543
190.3874054,102.4202942
190.7270508,102.2574902
191.0650024,102.1000897
191.4074478,101.939584
191.7374496,101.7845401
192.0767517,101.6295264
192.4028015,101.4768042
192.7309494,101.3257913
193.0736542,101.1694168
193.4078979,101.017728
193.72155,100.8742081
194.0591507,100.7206851
194.4153519,100.5618182
194.7595062,100.4079947
195.063652,100.2709332
195.4034958,100.112095
195.7231445,99.98211975
196.0951996,99.81587128
196.4395981,99.66922546
196.7877502,99.51620178
197.1526031,99.35301941
197.5050507,99.19231628
197.8433533,99.04625244
198.1946945,98.89064514
198.5580063,98.7342099
198.8980026,98.58561646
199.2430038,98.43782654
199.6022491,98.28203888
199.9464035,98.13301636
200.305748,97.97859802
200.6483459,97.82943146
200.9952469,97.68283691
201.3374481,97.53667297
201.6883011,97.39589386
202.0491486,97.23978821
202.4149017,97.08573853
202.7374496,96.94370178
203.0949478,96.79278839
203.4176483,96.65898743
203.764801,96.51979797
204.1097488,96.37659912
204.4521027,96.23637543
204.7966995,96.09066193
205.1518021,95.94706848
205.468399,95.81518707
205.8153,95.67412262
206.1546478,95.53654724
206.5328522,95.38155609
206.8608017,95.24925964
207.2033997,95.11477295
207.5455017,94.97882202
207.8885498,94.84015594
208.2265549,94.70626617
208.5601044,94.57044861
208.9130554,94.42234802
209.28965,94.27276581
209.6352997,94.13878632
209.9824524,94.00143982
210.3238983,93.86476654
210.6920013,93.72037354
211.0350037,93.58421082
211.3746033,93.45276062
211.7275543,93.31662445
212.0610046,93.18916779
212.4102478,93.05151581
212.7471008,92.91916595
213.1156998,92.77861786
213.4643936,92.64758514
213.8066483,92.5193985
214.1608963,92.38502106
214.5271454,92.24703156
214.8757935,92.11618103
215.2192001,91.9865863
215.5586472,91.85922363
215.9045029,91.73031311
216.2508011,91.59938019
216.6070023,91.46722015
216.9347,91.3461203
217.2990952,91.21375214
217.6387024,91.08839233
217.9796524,90.96427612
218.3249512,90.83590973
218.6788025,90.7069574
219.0252533,90.58182373
219.3971024,90.44680969
219.7472992,90.3197699
220.0951462,90.19571899
220.4391479,90.07147186
220.7870026,89.94484253
221.1114502,89.8299231
221.4596939,89.70666931
221.8102493,89.58434479
222.1824493,89.45255035
222.5331497,89.32969299
222.8778534,89.20832855
223.2442017,89.07966675
223.5726471,88.96406189
223.9185486,88.84274963
224.267395,88.7224469
224.6024475,88.60776398
224.9444504,88.49009399
225.3170547,88.36122467
225.655899,88.24427673
225.9980011,88.12807587
226.3621521,88.00440826
226.6924515,87.8910257
227.041748,87.77252258
227.3819962,87.65864166
227.7241974,87.5461026
228.066803,87.43116577
228.4079971,87.31732239
228.7497025,87.19944489
229.1116943,87.07972931
229.4562531,86.96515686
229.8043518,86.85021149
230.1687012,86.72817322
230.5251007,86.61300201
230.8689499,86.50074341
231.2408981,86.38087036
231.5850525,86.26934723
231.9206467,86.15872925
232.2914429,86.03636658
232.6326065,85.92651184
232.9786987,85.81604553
233.2978516,85.71150177
233.6487961,85.59979431
234.0125427,85.48352234
234.3627472,85.37168884
234.6949005,85.26902802
235.058548,85.15528137
235.403595,85.04530426
235.7510452,84.93584015
236.0871964,84.82626129
236.4359512,84.71790558
236.7746964,84.6116394
237.1341019,84.50117249
237.4893951,84.39164154
237.8510971,84.28019196
238.1978989,84.17027924
238.5437012,84.06394196
238.9057999,83.95400391
239.2514496,83.84862518
239.6146011,83.73671387
239.9760056,83.62686035
240.3257523,83.52132477
240.6739502,83.41687805
241.0177002,83.31254761
241.3905029,83.20002136
241.728096,83.09927734
242.0794449,82.99570099
242.4376984,82.89080872
242.7948532,82.78590698
243.121048,82.6877829
243.4694977,82.58488922
243.8431473,82.47478546
244.1729507,82.37904114
244.5222015,82.27402802
244.8689499,82.17345093
245.2261963,82.0708905
245.581398,81.96689697
245.9252472,81.86447266
246.2793961,81.76192535
246.6270447,81.66272888
246.9942474,81.55717926
247.3318481,81.46022461
247.6945496,81.35472412
248.052803,81.25186829
248.3922043,81.15588013
248.7325516,81.06153656
249.0977478,80.95950378
249.4388504,80.86440338
249.7803497,80.76477264
250.1506958,80.66271149
250.4929504,80.56657043
250.845047,80.46672791
251.1883011,80.37052124
251.5392456,80.27314819
251.8767014,80.18281036
252.2168045,80.09112183
252.5753479,79.99268555
252.9217529,79.89819214
253.2659988,79.80362793
253.6085968,79.71031525
253.9596481,79.61107117
254.3320465,79.51257996
254.6791458,79.41797791
255.0389481,79.32276215
255.4041977,79.22487396
255.7406006,79.13406555
256.0989075,79.03708069
256.4606934,78.93997559
256.8141022,78.84725464
257.1613464,78.75631714
257.501297,78.66706665
257.8417053,78.577771
258.1905975,78.48589447
258.5354462,78.39749908
258.8952484,78.30290466
259.2433014,78.21133331
259.5915985,78.1199585
259.9418488,78.03264709
260.2908936,77.94561737
260.6349487,77.85864594
260.9902954,77.77071198
261.3292389,77.68229706
261.6882019,77.59077271
262.0389404,77.50447876
262.3768005,77.42139496
262.7200928,77.33531311
263.0775604,77.24281525
263.4067078,77.15720032
263.7624512,77.06567932
264.1289978,76.970177
264.4656525,76.88023193
264.8186035,76.789552
265.1242523,76.7141748
265.4067993,76.61953461
265.9468384,76.47299744
266.3075104,76.39080536
266.6383514,76.30819824
267.0027008,76.21993866
267.3362122,76.137435
267.6893005,76.05098022
268.0399933,75.96538116
268.3981476,75.87823303
268.7262878,75.79401215
269.070343,75.70899139
269.420105,75.62470062
269.7858429,75.53785034
270.1224518,75.45497864
270.483551,75.37036041
270.8259583,75.28467072
271.1645966,75.20696167
271.5026398,75.12702026
271.8707428,75.03920898
272.2005005,74.95894257
272.5529938,74.87531006
272.8923492,74.79723206
273.2678986,74.70999512
273.6072998,74.62988281
273.953598,74.54814545
274.3157501,74.46323944
274.668396,74.38083344
275.0101471,74.29980347
275.3728485,74.21610352
275.6921997,74.14104828
276.0166016,74.07031158
276.3463593,73.99238556
276.6914063,73.91194397
277.0554504,73.82432037
277.4091949,73.7421637
277.7614441,73.66118713
278.1277618,73.57865143
278.4721375,73.49831818
278.8186951,73.41804565
279.1784973,73.3319278
279.5371094,73.25103882
279.8764954,73.17358032
280.2426453,73.08867981
280.5905457,73.00743774
280.9482422,72.92590515
281.3079987,72.84031189
281.6611481,72.76344635
282.0067444,72.69013916
282.3717499,72.60926727
282.7136078,72.52868683
283.0626984,72.44704346
283.4077454,72.36202393
283.7485504,72.2780545
284.1396484,72.18684296
284.4537506,72.11435577
284.7984009,72.03741119
285.1339569,71.96290161
285.4684906,71.88780945
285.8173981,71.81172699
286.171402,71.73160461
286.5244904,71.6547403
286.8668976,71.57591766
287.2227936,71.49913727
287.5690002,71.42199799
287.9224091,71.3470694
288.2824554,71.26875031
288.6309509,71.1930838
288.96315,71.12272949
289.3115997,71.05042297
289.6568909,70.97834991
290.0112,70.90433502
290.3731384,70.83102814
290.7248077,70.75861145
291.0887604,70.68508301
291.4301453,70.62001068
291.7882538,70.55527161
292.1483002,70.48684845
292.4756927,70.42977692
292.8205566,70.37650024
293.178299,70.32046478
293.516449,70.26150421
293.8571625,70.19588684
294.197403,70.12915466
294.5582581,70.05739929
294.9086914,69.9859729
295.2529449,69.91667511
295.6129456,69.84610443
295.973053,69.77623077
296.2983093,69.71071655
296.6664429,69.63775787
297.0145874,69.56782135
297.361496,69.50007324
297.7375488,69.42711548
298.0619049,69.3633905
298.39505,69.29812103
298.7342987,69.23147614
299.086792,69.16337952
299.4353485,69.09543884
299.7898407,69.02624847
300.0210419,69.11149109
300.1268005,68.96116425
300.3232574,69.08721283
300.479599,68.89401367
300.7734985,69.0114682
300.8357544,68.82558197
301.0753021,68.95031891
301.1738129,68.75881866
301.4277496,68.88922119
301.5055084,68.69586487
301.7722931,68.8259671
301.866806,68.62803345
302.1129456,68.76289124
302.1945496,68.56845306
302.4626465,68.69932465
302.5301514,68.50503754
302.8280487,68.62997101
302.895401,68.43480682
303.1695862,68.56498291
303.2255554,68.36927765
303.5053101,68.50264496
303.552948,68.30819061
303.8575592,68.43649994
303.9228363,68.2379425
304.1958008,68.37290131
304.2724457,68.17248383
304.5362549,68.30896393
304.624649,68.10632599
304.8719482,68.24654205
304.9772949,68.04163147
305.229599,68.1797937
305.3249969,67.97926086
305.568161,68.1172644
305.6544647,67.91733551
305.9070587,68.05327972
306.0081482,67.85204559
306.2621002,67.9885672
306.3578033,67.78473175
306.5861053,67.92929443
306.7238464,67.71746948
306.9094543,67.86796417
307.0592499,67.65625763
307.2564545,67.80276367
307.3981018,67.59309967
307.6026001,67.73857391
307.756546,67.52719482
307.9476013,67.67617828
308.1072998,67.46372864
308.2857971,67.61720398
308.4533539,67.40238892
308.6421051,67.55231659
308.8076935,67.33955475
308.9812469,67.48993988
309.1343994,67.27926727
309.3181915,67.42684357
309.5043945,67.21334229
309.6562042,67.3658725
309.8551636,67.14964417
309.9879608,67.30601074
310.1933594,67.08846771
310.3249054,67.24333466
310.5631561,67.02160675
310.6779022,67.1796228
310.8871002,66.96389465
311.0223083,67.1184671
311.219696,66.90388367
311.3526459,67.05809509
311.5502014,66.84466278
311.6756592,66.99894348
311.8917542,66.78375092
312.0538483,66.9323291
312.2330627,66.72542114
312.3887634,66.87158722
312.5721436,66.66176605
312.7222595,66.81282013
312.9465485,66.59724121
313.0836487,66.74979797
313.2684479,66.53824951
313.4347534,66.6871106
313.6196594,66.47778198
313.7700043,66.62812012
313.9695435,66.41627411
314.1525574,66.56054993
314.3159027,66.3560672
314.4852448,66.50348175
314.6552582,66.29295197
314.807312,66.44679474
315.0052032,66.23132538
315.1500854,66.38645691
315.3428497,66.17208069
315.4999542,66.32657623
315.6573486,66.1185791
315.8303986,66.26983887
316.0087891,66.05795319
316.1817627,66.20788727
316.3524475,65.99989258
316.5113983,66.14616241
316.6902924,65.94017212
316.8542633,66.08804474
317.0415497,65.87922272
317.2052002,66.02824799
317.3817444,65.82062653
317.5400085,65.96888611
317.7196045,65.76418884
317.8757935,65.91293793
318.0528564,65.70655487
318.2063446,65.85632721
318.4098969,65.64722321
318.5503082,65.79881622
318.7562561,65.58646179
318.8804626,65.74147827
319.1013947,65.52809631
319.2116089,65.68508179
319.4414978,65.47061035
319.555542,65.62451538
319.7715454,65.41393433
319.9108582,65.56375244
320.1302032,65.35402008
320.2264404,65.50945831
320.4640503,65.2972406
320.5713043,65.45184631
320.8157501,65.24268219
320.9117432,65.39363129
321.1737976,65.18310211
321.2633972,65.33325531
321.5322113,65.12250916
321.6044922,65.2737265
321.8804016,65.06004242
321.955658,65.21660095
322.2283936,65.00253174
322.2845459,65.16063995
322.5700989,64.94510712
322.6178131,65.10460205
322.9190979,64.88915741
322.9678497,65.04627289
323.2488403,64.83295258
323.3040466,64.99027863
323.5948029,64.77739197
323.6606445,64.93295624
323.9604492,64.71570862
324.0189056,64.87345978
324.3085938,64.65812561
324.3592987,64.81619934
324.6460571,64.60379425
324.695694,64.75929901
324.9721527,64.54939331
325.0247498,64.70446655
325.3085022,64.49447723
325.3674622,64.6475885
325.6688995,64.43561584
325.7249908,64.58773865
326.005661,64.38121246
326.0570526,64.53488373
326.3389587,64.32726379
326.3791046,64.48162323
326.7070465,64.26888794
326.7582092,64.42092377
327.0616608,64.21315796
327.0929413,64.36507355
327.4030609,64.1570993
327.4389954,64.30992645
327.7593079,64.09970612
327.7866058,64.25311035
328.0981445,64.0426123
328.1300507,64.19859558
328.4229431,63.98990295
328.4706421,64.14335968
328.788147,63.9321228
328.8235474,64.08625244
329.1187592,63.87959427
329.1641998,64.03021149
329.4454041,63.82668488
329.511795,63.97422379
329.796051,63.77130844
329.8522034,63.92048691
330.1478424,63.71631363
330.2018433,63.86301315
330.5148468,63.65655945
330.562149,63.80502777
330.8339996,63.60679596
330.9162445,63.74513321
331.174408,63.55356705
331.2547607,63.69195328
331.5113983,63.49969223
331.5926361,63.63794403
331.8580627,63.44311737
331.9287415,63.58413712
332.212265,63.38687897
332.2873535,63.52832932
332.5515594,63.33399857
332.6225128,63.47491714
332.8981018,63.28289597
332.9814453,63.41924133
333.2364044,63.22835709
333.3213043,63.36366165
333.6034393,63.17128036
333.6821442,63.30815109
333.9311523,63.11821701
334.0245514,63.25498749
334.2764587,63.06478195
334.3598022,63.20303482
334.5982361,63.0140239
334.6911621,63.15153885
334.9611969,62.95929474
335.0444946,63.0964061
335.3056488,62.90583618
335.3805084,63.04523224
335.6602478,62.85136505
335.7068481,62.99330093
336.0291901,62.79343048
336.0787964,62.93718307
336.3815002,62.74059952
336.401947,62.88504761
336.7008057,62.69089005
336.7732086,62.82878159
337.0547638,62.63822968
337.1225128,62.77323654
337.378006,62.58550156
337.4678497,62.72091431
337.7474976,62.52970291
337.8236542,62.66656158
338.0756531,62.47922485
338.1561432,62.61470779
338.4155426,62.42909698
338.4992523,62.56173691
338.7858582,62.37303757
338.8742981,62.50487976
339.1240997,62.32156158
339.2093964,62.45073502
339.4608459,62.27264694
339.5519409,62.39965897
339.7982941,62.22085754
339.9134979,62.34403702
340.1430054,62.1699942
340.2659454,62.29412216
340.4958496,62.11615036
340.6034393,62.24170807
340.8404083,62.06538315
340.9766083,62.18751801
341.1728516,62.01557373
341.3186951,62.13408096
341.5170593,61.96369186
341.6598511,62.08314804
341.8668518,61.91048904
342.0378876,62.02752899
342.2336884,61.85629959
342.3910065,61.97177322
342.5704956,61.80511444
342.7339478,61.92135986
342.9000397,61.75724258
343.0907898,61.86726227
343.2367096,61.70829803
343.463501,61.81229538
343.5655975,61.66155624
343.8095551,61.76024551
343.8994446,61.61341248
344.1634979,61.7082254
344.2481995,61.56126282
344.4999542,61.65762085
344.6061859,61.50581848
344.8389893,61.60781525
344.9420013,61.45582779
345.206543,61.55378555
345.302002,61.40407364
345.535202,61.50502167
345.6294403,61.35741272
345.8834991,61.45441223
345.9611969,61.30915375
346.2268524,61.40391144
346.3205872,61.25781189
346.5682983,61.35554703
346.6566467,61.2073732
346.9061584,61.30669266
346.9859009,61.15990906
347.2583466,61.25579254
347.3430023,61.10868317
347.5953522,61.20742996
347.6865997,61.05956192
347.951889,61.15429001
348.0241089,61.01075745
348.2767944,61.1067778
348.3789063,60.96016571
348.6322021,61.05600906
348.707901,60.91417191
348.9811401,61.00561188
349.0536041,60.86558914
349.3238068,60.95729858
349.3945618,60.81668442
349.6583405,60.90857559
349.7303009,60.76948624
349.9844055,60.86090164
350.0789032,60.72004166
350.3298035,60.8120282
350.4093475,60.67222748
350.6792908,60.76454865
350.7665558,60.6193718
351.0081024,60.71727524
351.1274414,60.56780762
351.3504639,60.66905655
351.4598999,60.5224823
351.6917419,60.61781693
351.7882996,60.47591293
352.0709534,60.56740387
352.1567993,60.42595123
352.3847961,60.52100647
352.4995117,60.37790634
352.728363,60.47288528
352.846756,60.3296405
353.0919495,60.42042297
353.2165527,60.27736526
353.4307404,60.37236359
353.5531921,60.23115311
353.7630463,60.3280069
353.884491,60.18262009
354.1028595,60.28003784
354.2320557,60.13514877
354.4750519,60.2287355
354.5830994,60.08618118
354.8002014,60.18051346
354.9201508,60.03946075
355.1499023,60.13258789
355.2740631,59.992155
355.4933472,60.08445358
355.6000977,59.94727936
355.8518982,60.0355722
355.9430084,59.89696259
356.1748962,59.99045334
356.2970428,59.84806671
356.5266113,59.94252594
356.6372986,59.80115906
356.8756409,59.89457504
356.9935913,59.75547852
357.1893463,59.85028198
357.3263397,59.70873062
357.5623016,59.79910614
357.6920013,59.66072968
357.9031525,59.75197342
358.0378571,59.61244476
358.2606506,59.70349075
358.3787079,59.5685025
358.6155396,59.65662201
358.7297974,59.5197049
358.9675903,59.60833099
359.098938,59.47048477
359.2980499,59.56341187
359.4387512,59.42298492
359.6220551,59.51989166
359.7834625,59.37730118
359.9838867,59.47115356
360.1269989,59.33064285
360.3425446,59.42262741
360.4806519,59.28297699
360.6743011,59.37765549
360.8182526,59.23848923
361.0618439,59.32420364
361.1333008,59.19572998
361.4178009,59.27493469
361.5056,59.14638016
361.7322388,59.233367
361.8445587,59.10335114
362.0893555,59.19063354
362.1725006,59.06139496
362.4147034,59.14797165
362.5388489,59.01330307
362.7875519,59.10040512
362.8665466,58.96905151
363.1322937,59.05209885
363.2136993,58.9232193
363.4757996,59.00474411
363.5482941,58.87842361
363.8161011,58.96080765
363.9018402,58.83223648
364.2030945,58.90979996
364.2248383,58.79171677
364.5398102,58.86453156
364.5547943,58.74830032
364.8961029,58.70503174
364.91185,58.81583267
365.241745,58.65933487
365.2541962,58.77044968
365.5709991,58.72944168
365.6157532,58.61087479
365.8984985,58.68693756
365.9677887,58.56458496
366.2608948,58.64015121
366.3088531,58.51908905
366.6189575,58.59403717
366.6531525,58.475327
366.9637451,58.55078781
367.02771,58.42751648
367.2866516,58.50924805
367.3955078,58.38169388
367.5947571,58.47047913
367.7055359,58.34196442
367.9075012,58.42989853
368.0669556,58.29653961
368.2616577,58.38441284
368.4109497,58.25083328
368.6118011,58.33771332
368.7511902,58.20896454
368.9295502,58.29659241
369.0801086,58.16807037
369.2850494,58.25329239
369.4465027,58.12300034
369.6361542,58.20787582
369.8049927,58.07845474
369.9738617,58.16620529
370.1395569,58.0365712
370.3004608,58.12638
370.5050964,57.98997421
370.6282501,58.08481384
370.8362885,57.94853455
370.9492493,58.04484818
371.1758118,57.90676407
371.2663574,58.00438751
371.5479889,57.86190384
371.6056519,57.96056076
371.8967438,57.8190625
371.959198,57.91667053
372.2108459,57.78070999
372.3037567,57.87136841
372.5443573,57.73925171
372.6413422,57.82884918
372.908844,57.6952681
372.9827423,57.78625076
373.2474365,57.6525354
373.3559418,57.74130051
373.589447,57.60762177
373.6869965,57.70054474
373.9275513,57.56531113
374.037796,57.6565332
374.2982025,57.52064484
374.4013519,57.61329498
374.6217041,57.48504532
374.7384949,57.57136612
374.9191437,57.44846481
375.0860596,57.52786469
375.275589,57.40758789
375.4320984,57.48270584
375.6100464,57.3654837
375.7579498,57.4413736
375.9925995,57.31989426
376.1028442,57.4011705
376.3040009,57.28023453
376.4345398,57.36150101
376.6576538,57.23642075
376.7890472,57.31906311
377.0080566,57.19431274
377.1383057,57.27502502
377.3530579,57.15258133
377.4754944,57.23163834
377.6797485,57.11388275
377.8213501,57.18992569
378.0070038,57.07363907
378.1475525,57.14885925
378.3656921,57.03037613
378.4901581,57.10711685
378.7134399,56.98777512
378.835144,57.06344055
379.0589905,56.94680847
379.194397,57.0212532
379.415802,56.90272812
379.4978943,56.98315826
379.7485504,56.86103485
379.8330078,56.94494186
380.078949,56.82091446
380.1725006,56.90279938
380.4061432,56.78048004
380.5106049,56.86067276
380.7397003,56.74120621
380.8716888,56.81491943
381.0638428,56.70153595
381.1995544,56.77516632
381.411499,56.66005249
381.5489502,56.73009964
381.7674561,56.61778351
381.918396,56.68730988
382.1163025,56.57577682
382.2553558,56.64506943
382.459259,56.53453537
382.5975952,56.60465103
382.8162537,56.49149002
382.947998,56.56519699
383.1616974,56.45078308
383.274353,56.5245813
383.5085602,56.4111998
383.6286469,56.48445038
383.8522034,56.37285645
383.9600067,56.44484573
384.1932068,56.33459595
384.3073425,56.40412247
384.5290985,56.29567917
384.6256561,56.36866287
384.908493,56.25145264
384.9481506,56.33218781
385.238739,56.21295517
385.3011475,56.29290451
385.5715485,56.17367813
385.6546478,56.25266235
385.9313507,56.13126953
385.9979095,56.21224915
386.2756042,56.09141205
386.3333588,56.17258789
386.6158447,56.05330948
386.6872101,56.12865921
386.9445496,56.01387085
387.0184021,56.08944214
387.2919464,55.97506439
387.3799438,56.05021545
387.6465454,55.93507843
387.7068481,56.01367142
387.974411,55.89797379
388.0508423,55.97361877
388.3150024,55.86052246
388.4031525,55.93285568
388.6531067,55.8215596
388.7331543,55.89444
389.0075989,55.78164932
389.1225586,55.8530014
389.3556061,55.74068176
389.4637909,55.81328949
389.7233429,55.70269012
389.8211975,55.77203064
390.0327454,55.66982941
390.1636963,55.73496552
390.3863068,55.63340775
390.506897,55.69596329
390.7223053,55.5949649
390.8448029,55.65908157
391.0802612,55.55537109
391.1758881,55.62247742
391.41745,55.51666168
391.5101013,55.58479996
391.7612915,55.48130569
391.871994,55.5448056
392.1282043,55.44218903
392.1955872,55.50740158
392.4485016,55.40778564
392.562149,55.46786377
392.7979584,55.37014587
392.91716,55.42805328
393.163559,55.33126022
393.2555389,55.39009293
393.5024872,55.29531921
393.6105042,55.35266388
393.8672028,55.25789154
393.9572906,55.31402893
394.1891479,55.22698853
394.3117065,55.27477219
394.4820099,55.19593719
394.6669464,55.23506042
394.7719879,55.16143784
394.9985046,55.19883209
395.11409,55.11948547
395.3516998,55.15977859
395.4541931,55.08014252
395.6788483,55.12275253
395.8020477,55.04271866
396.0070953,55.08844666
396.1099548,55.00715088
396.374054,55.04844803
396.4121094,54.96727463
396.7166901,55.01043381
396.8228455,54.91994202
397.0435486,54.97251572
397.2563477,54.87499908
397.3784027,54.93781326
397.6231384,54.83809097
397.7230072,54.90019699
397.9584961,54.80237381
398.0529022,54.86289093
398.2944946,54.76663376
398.3876953,54.8272731
398.6251526,54.73469604
398.7176514,54.7910463
398.9332581,54.70008026
399.0607452,54.75589157
399.3054047,54.65684875
399.4225464,54.71811279
399.7794495,54.68113831
399.7928467,54.62181717
400.0285034,54.61612244
400.0800476,54.64521103